keywords_name,count
woman director,65
based on novel or book,32
murder,26
new york city,19
serial killer,19
violence,18
high school,17
sports,15
revenge,13
friendship,13
drugs,12
dystopia,12
loss of loved one,12
martial arts,12
death,11
sibling relationship,11
love,11
alien,10
biography,10
"los angeles, california",10
love of one's life,9
teenager,9
neo-noir,9
drug dealer,9
parent child relationship,8
gangster,8
based on a true story,8
based on play or musical,8
detective,8
college,8
superhero,8
money,8
musical,8
pregnancy,8
investigation,8
extramarital affair,8
future,8
satire,8
friends,8
space,8
1970s,7
remake,7
relationship,7
action hero,7
infidelity,7
cult film,7
police,7
19th century,7
movie business,7
fbi,7
criminal,7
robbery,7
survival,6
coming of age,6
daughter,6
erotic movie,6
party,6
aftercreditsstinger,6
"paris, france",6
rape,6
texas,6
california,6
love triangle,6
lawyer,6
"london, england",6
car crash,6
family,6
duringcreditsstinger,6
based on comic,6
undercover,6
dancing,6
psychopath,6
best friend,6
prison,6
rivalry,5
dying and death,5
romance,5
england,5
vampire,5
gay,5
drug addiction,5
father,5
kidnapping,5
police officer,5
scientist,5
escape,5
cheating,5
road trip,5
sequel,5
photographer,5
mission,5
native american,5
adultery,5
dark comedy,5
demon,5
1990s,5
amnesia,5
world war ii,5
space travel,5
writer,5
wedding,5
theft,4
airplane,4
computer animation,4
jealousy,4
student,4
widow,4
diner,4
small town,4
rescue,4
gay interest,4
mask,4
flashback,4
addiction,4
space marine,4
prisoner,4
terrorist,4
princess,4
secret,4
spoof,4
surrealism,4
stalker,4
prostitute,4
incest,4
"berlin, germany",4
photography,4
hollywood,4
1960s,4
virgin,4
politics,4
dog,4
live action and animation,4
lgbt,4
alcoholism,4
new love,4
holiday,4
seduction,4
robot,4
waitress,4
history,4
experiment,4
priest,4
dragon,4
casino,4
ring,4
strip club,4
marijuana,4
super power,4
mississippi river,3
music,3
portugal,3
puberty,3
time travel,3
good versus evil,3
breaking the fourth wall,3
prince,3
surreal,3
christmas,3
helicopter,3
transformation,3
elves,3
cia,3
gunfight,3
gypsy,3
emperor,3
secret agent,3
girlfriend,3
halloween,3
suspicion,3
ghost,3
brother,3
career,3
exotic island,3
teenage girl,3
"chicago, illinois",3
castle,3
road movie,3
experimental,3
female friendship,3
monster,3
rock 'n' roll,3
modeling,3
explosion,3
roommate,3
cheerleader,3
falling in love,3
sword and sorcery,3
mobster,3
dancer,3
middle-earth,3
car,3
high school sports,3
spy,3
africa,3
wizard,3
criminal underworld,3
eroticism,3
southern usa,3
mother,3
france,3
xenophobia,3
rebel,3
schizophrenia,3
dating,3
relationship problems,3
religion,3
reporter,3
ex-con,3
popularity,3
voyeurism,3
blackmail,3
success,3
american football,3
urban legend,3
competition,3
baby,3
island,3
inheritance,3
drug traffic,3
mafia,3
university,3
magic,3
wealth,3
bank robbery,3
illness,3
illegal prostitution,3
maid,3
parody,3
autism,3
author,3
orcs,3
slasher,3
loneliness,3
corpse,3
doctor,3
nurse,3
art,3
astronaut,3
lovesickness,3
android,3
drifter,3
painter,3
lover,3
parallel world,3
australia,3
drunk,3
dinosaur,3
marriage,3
socialism,3
highway,3
hippie,3
hobbit,3
bisexuality,3
police operation,3
hologram,3
sheriff,3
wife,3
hoodlum,3
sexuality,3
becoming an adult,3
u.s. navy,3
u.s. president,3
desert,3
marriage crisis,3
dwarf,3
destiny,3
based on video game,3
nasa,3
summer,3
undercover agent,3
poker,3
doppelgänger,2
scream,2
smuggling,2
double cross,2
skeleton,2
doubt,2
space station,2
single mother,2
single father,2
slavery,2
dna,2
slaughter,2
secret love,2
divorce,2
spacecraft,2
diving,2
duel,2
senate,2
sadness,2
single,2
singer,2
drag,2
ex-cop,2
engagement,2
shyness,2
soulmates,2
shootout,2
space opera,2
shakespeare in modern dress,2
saving the world,2
disc jockey,2
early 1900s,2
dream,2
drug abuse,2
satanism,2
shark,2
satan,2
death star,2
russian mafia,2
secret identity,2
drug lord,2
devil,2
heavy metal,2
extortion,2
latinx lead,2
lover (female),2
louis xiv,2
new zealand,2
longing,2
nightclub,2
literature,2
"lisbon, portugal",2
nuclear explosion,2
life-saver,2
nudity,2
lethal virus,2
obsession,2
leader,2
lake,2
neighbor,2
kung fu,2
ku klux klan,2
kiss,2
killing,2
organ donation,2
killer,2
organized crime,2
junkie,2
painting,2
panic,2
jogging,2
paranoia,2
jail,2
lovers,2
mad scientist,2
factory worker,2
menage a trois,2
mockumentary,2
model,2
misfit,2
montana,2
millionaire,2
military,2
mexico,2
mexican standoff,2
mexican american,2
meteorologist,2
merlin,2
motel,2
mother son relationship,2
mountain,2
male friendship,2
movie star,2
mayor,2
master thief,2
masked killer,2
music record,2
marriage proposal,2
mutant,2
map,2
mystery,2
manipulation,2
"manhattan, new york city",2
narcotics cop,2
male homosexuality,2
isolation,2
patriotism,2
invisibility,2
flying,2
professor,2
prophecy,2
prosecution,2
prostitution,2
psychiatrist,2
psychological thriller,2
gothic,2
racial segregation,2
gang war,2
gang member,2
fugitive,2
french revolution,2
freedom,2
repayment,2
pay phone,2
fish out of water,2
firefighter,2
research laboratory,2
finland,2
filmmaking,2
film in film,2
fight,2
feminism,2
female protagonist,2
"rome, italy",2
falsely accused,2
royalty,2
fairy tale,2
private school,2
pregnant minor,2
spain,2
prank,2
insanity,2
phone booth,2
infant,2
illegal drugs,2
idol,2
pizza,2
identity,2
plagiarism,2
planet mars,2
playboy,2
poetry,2
hotel,2
pokies,2
hospital,2
police chase,2
horror,2
police corruption,2
honor,2
hong kong,2
homeless person,2
home,2
hitman,2
hijinks,2
heroin,2
post-apocalyptic future,2
"prague, czech republic",2
heist,2
cyborg,2
laser gun,2
undercover cop,2
stroke of fate,2
atomic bomb,2
suicide attempt,2
suicide,2
violin,2
washington d.c.,2
combat,2
subway,2
comet,2
sweden,2
commune,2
ambition,2
army,2
thriller,2
villain,2
concert,2
time,2
swimming pool,2
chess,2
strike,2
tiger,2
unsociability,2
conspiracy,2
conspiracy of murder,2
village,2
stop motion,2
beach,2
unwillingly pregnant,2
alien life-form,2
upper class,2
whodunit,2
barber,2
cold war,2
anarchic comedy,2
ancient egypt,2
surveillance,2
cholo,2
ballet dancer,2
bank,2
united states–mexico border,2
china,2
christianity,2
united kingdom,2
vision,2
cinema,2
buddy cop,2
ballet,2
city,2
buddhist monk,2
supernatural,2
volcano,2
anti-christ,2
supermodel,2
chimp,2
volleyball,2
voyeur,2
archaeologist,2
archeology,2
childlessness,2
childhood friends,2
therapist,2
angel,2
ancient rome,2
war on drugs,2
alcoholic,2
business man,2
attack,2
artificial intelligence,2
torture,2
crusader,2
womanizer,2
1940s,2
birthday party,2
cruise,2
1980s,2
assassin,2
capture,2
special forces,2
treasure,2
boy gang,2
teenage pregnancy,2
car race,2
bosnian war,2
writer's block,2
veterinarian,2
treasure hunt,2
teenage love,2
bosnia and herzegovina,2
audition,2
tragedy,2
black people,2
birth,2
yakuza,2
bikini,2
cannibal,2
talent show,2
corruption,2
teenage boy,2
airport,2
17th century,2
18th century,2
cult figure,2
yorkshire,2
betrayal,2
aids,2
central park,2
trauma,2
utopia,2
1920s,2
break-up,2
teacher,2
agent,2
paragliding,1
vault,1
vegetable garden,1
pakistan,1
philosopher,1
palace,1
phenomenon,1
pharaoh,1
paleontology,1
pervert,1
past,1
paranormal phenomena,1
perversion,1
pedophile,1
passion,1
urn,1
pathology,1
partially lost film,1
philosophy,1
unwanted pregnancy,1
pavilion,1
parrot,1
used car dealer,1
unreliable narrator,1
peacekeeper,1
pedophilia,1
vampirism,1
pelz,1
"pennsylvania, usa",1
period drama,1
parents,1
parenthood,1
personal ad,1
vacation,1
vampire hunter,1
urban gothic,1
paranormal,1
peru,1
special agent,1
unhappiness,1
unlikely friendship,1
tv production,1
police profiling,1
troubled teen,1
truck driver,1
trumpet,1
tuberculosis,1
"tucson, arizona",1
police investigation,1
police state,1
police detective,1
twins,1
tycoon,1
tyrannosaurus rex,1
u boat,1
u.s. air force,1
tropical island,1
political corruption,1
phone call,1
travel,1
transsexuality,1
poverty,1
transvestite,1
possession,1
trapped in space,1
portal,1
pornographic video,1
politician,1
popular girl,1
treasure map,1
pop,1
pool cleaner,1
trial,1
troll,1
police brutality,1
u.s. senator,1
polaroid,1
pile of dead bodies,1
unemployment,1
unexpected happiness,1
"pittsburgh, pennsylvania",1
pirate gang,1
pinata,1
pimp,1
pikey,1
uncle,1
pig,1
uniform,1
pie machine,1
piano,1
pianist,1
united nations,1
underwater scene,1
pizzeria,1
underwater,1
places and planets,1
undertaker,1
planet,1
underground fighting,1
planetary configuration,1
plaster,1
platonic love,1
undercover operation,1
poacher,1
poem,1
poet,1
poetic documentary,1
underage sex,1
uncle nephew relationship,1
velociraptor,1
older woman younger man relationship,1
paganism,1
mustang,1
namibia,1
naivety,1
mutiny,1
mutation,1
wig,1
wild animal,1
wild horse,1
musician,1
pacifism,1
wilderness,1
wildlife,1
william blake,1
music journalist,1
winter,1
withdrawal,1
murder investigation,1
white woman,1
white collar,1
nanotechnology,1
western,1
near-death experience,1
weak heart,1
near future,1
nazi,1
weasel,1
native american tribe,1
native american reservation,1
native american culture,1
wedding ceremony,1
wedding planner,1
wedding ring,1
national socialism,1
national security agency (nsa),1
werewolf,1
narration from grave,1
murder hunt,1
witness,1
witness to murder,1
x-men,1
moon colony,1
moon base,1
"montreal, canada",1
yoakam,1
montmartre paris,1
montmartre,1
yoda,1
money laundering,1
yoga,1
monastery,1
modeling shoot,1
model student,1
young couple,1
mob family,1
mistress,1
moon landing,1
wuxia,1
mummy,1
writing,1
multiculturalism,1
women's prison,1
mountaineering,1
women's rights,1
moulin rouge,1
motorcycle gang,1
working class,1
motion capture,1
motherly love,1
world cup,1
world war i,1
wound,1
wristwatch,1
morgana,1
moon walk,1
water pollution,1
water monster,1
neo-western,1
oppression,1
opposites,1
only child,1
one-night stand,1
one location,1
vietnam veteran,1
on the road,1
omen,1
trance,1
older man younger woman relationship,1
older man younger man relationship,1
old town,1
old friend,1
vigilante justice,1
oklahoma,1
village life,1
video telephone,1
video tape,1
ogre,1
orderly,1
overpopulation,1
"venice, italy",1
overdose,1
outlaw,1
outer space,1
outback,1
ouija board,1
orpheus and eurydice,1
orphan siblings,1
orphan,1
vermont,1
vice president,1
video camera,1
video store,1
"oregon, usa",1
oil rig ,1
offer,1
nervous breakdown,1
virus,1
newspaper,1
voice imitation,1
news report,1
newfoundland and labrador,1
voice of god,1
new york state,1
new york,1
wales,1
new identity,1
new french extremism,1
walkie talkie,1
new england,1
wall street,1
war crimes,1
nesting grounds,1
niagara falls,1
nile,1
occult,1
noises,1
"oakland, california",1
nypd,1
nurse uniform,1
violence against women,1
nunchaku,1
violinist,1
nude,1
nostalgia,1
virginity,1
nosferatu,1
virtual reality,1
northern england,1
north atlantic,1
nonlinear timeline,1
virtue,1
transplantation,1
procedural,1
trainer,1
tank,1
sexual identity,1
sex shop,1
sex scandal,1
series of murders,1
sunset strip,1
superhuman,1
sensuality,1
superhuman strength,1
semi autobiographical,1
supermarket,1
self-fulfilling prophecy,1
secret society,1
secret organization,1
secret mission,1
supernova,1
secret formula,1
suppressed past,1
sun,1
summer vacation,1
sexual murder,1
substitute,1
silver,1
sign languages,1
siege,1
student movie,1
subconscious,1
sibling,1
submarine,1
showdown,1
summer residence,1
suburb,1
ship,1
successor,1
shark attack,1
suicide pact,1
"shanghai, china",1
summer camp,1
surfer,1
seclusion,1
surgery,1
sword fight,1
san antonio texas,1
swedish,1
sailor,1
safecracker,1
sadomasochism,1
sword,1
sword duel,1
symbolism,1
"san francisco, california",1
taking responsibility,1
russia,1
running,1
rumor,1
talent,1
ruhr,1
talking to the camera,1
"san diego, california",1
santa claus,1
search for new wife,1
schoolgirl,1
screenplay,1
surrogate mother,1
scotland,1
scientology,1
scientific experiment,1
surveillance state,1
science,1
school,1
swan,1
scholarship,1
scar,1
scandal sheet,1
scalpel,1
suspicion of murder,1
savannah georgia,1
swamp,1
sin,1
stripper,1
singapore,1
solar eclipse,1
south dakota,1
south carolina,1
squad,1
soul transference,1
son,1
soldier,1
squatter,1
softcore,1
spy hero,1
sociopath,1
society,1
socially awkward,1
socialite,1
stabbed to death,1
stakeout,1
social worker,1
spying,1
south london,1
sobriety,1
spider,1
special unit,1
spaceship crash,1
spaceport,1
speed,1
space western,1
space suit,1
sperm bank,1
spider-man,1
southern baptist,1
space prison,1
spinosaurus,1
space pirate,1
split personality,1
spoiled rich kid,1
spooky house,1
sports team,1
social outcast,1
stalking,1
street gang,1
ski,1
slang,1
stockade,1
stockbroker,1
skyscraper,1
"stockholm, sweden",1
stolen,1
stolen cars,1
stolen identity,1
stigmata,1
sister,1
stone age,1
sioux,1
stoner,1
storm,1
storm at sea,1
strangulation,1
slapstick,1
slave auction,1
star crossed lovers,1
starting over,1
soaked clothes,1
starship,1
snowstorm,1
snowplow,1
snowbound,1
snowball fight,1
snow day,1
snow,1
stewardess,1
state of emergency,1
sniper,1
snail,1
statuette,1
statutory rape,1
sledgehammer,1
steampunk,1
royal air force,1
routine,1
train,1
tap dancing,1
race against time,1
rabbi,1
quest,1
tidal wave,1
queensland australia,1
"queens, new york city",1
quebec,1
quarterback,1
quarantine,1
pyramid,1
puppy,1
punk rock,1
punishment,1
pulitzer prize,1
pudding,1
tiger moth,1
pub,1
race politics,1
thunderbirds,1
racial tension,1
raf,1
ransom,1
range rover,1
ranch,1
railway station,1
railway car,1
rags to riches,1
rage and hate,1
radio transmission,1
racing car,1
radio,1
thief,1
threat,1
radiation,1
racist,1
racism,1
threesome,1
pterodactyl,1
time freeze ,1
psychotic,1
prehistoric egg,1
prison guard,1
prison escape,1
trafficking,1
tragic villain,1
trailer,1
president,1
prehistoric times,1
prehistoric creature,1
traffic jam,1
prehistoric adventure,1
prehistoric,1
trailer park,1
trailer trash,1
prediction,1
precognition,1
prank telephone call,1
prison warden,1
private investigator,1
psychotherapy,1
provence,1
time magazine,1
psychology,1
psychologist,1
tomb,1
psychoanalysis,1
psychiatry,1
psychiatric clinic,1
torment,1
tradition,1
totalitarian regime,1
tourist,1
promiscuity,1
prom night,1
tournament,1
professional football (soccer) player,1
profession,1
theatre play,1
theatre group,1
theater,1
teen movie,1
robot boy,1
robin hood,1
teamwork,1
techno,1
technocracy,1
teen angst,1
teen comedy,1
river,1
robot police,1
ritual,1
rise and fall,1
teenage crush,1
teenage daughter,1
rifle,1
teenage hero,1
rich kids,1
robot cop,1
tavern fight,1
reverse chronology,1
romantic rivalry,1
rotoscoping,1
rope,1
target practice,1
room service,1
rookie cop,1
rooftop,1
tarnung,1
romans,1
tattoo,1
romania,1
tarot,1
roman empire,1
taskmaster,1
role reversal,1
rocket launcher,1
rock star,1
revolution,1
retired,1
the rapture,1
reconciliation,1
refugee camp,1
refugee,1
red curtain,1
record store,1
record collector,1
record collection,1
reconnaissance,1
rebellious teenager,1
rehabilitation centre,1
thanksgiving,1
reaper,1
reanimated corpse,1
real estate agent,1
razor blade,1
rave culture,1
the flemish cap,1
regret,1
thailand,1
restaurant,1
telephone,1
teenage rebellion,1
rescue team,1
rescue mission,1
rescue boat,1
teenage sexuality,1
reproduction,1
telepathy,1
temptation,1
texas ranger,1
tennessee,1
relocation,1
religious fanaticism,1
terminal illness,1
relic,1
release from prison,1
terrorism,1
self-referential,1
11th century,1
missing son,1
composer,1
construction worker,1
conspirators,1
cons and scams,1
conquistador,1
congressman,1
confusion,1
confidence,1
confession,1
con man,1
computer,1
company,1
convertible,1
community,1
communism,1
commodus,1
comeback,1
combat photography,1
comb,1
columbine,1
colorado,1
colony,1
colonialism,1
contract killer,1
conveyor belt,1
coin,1
cousin cousin relationship,1
criminal investigation,1
criminal gang,1
crime scene,1
crime,1
cricket,1
creation,1
crack,1
cowboy,1
covered investigation,1
cover-up,1
courtroom,1
cook,1
court case,1
court,1
countryside,1
country music,1
counterfeit,1
costa rica,1
corporation,1
corporate negligence,1
"cornwall, england",1
cop,1
cold,1
coffin,1
cat,1
cellist,1
cheering crowd,1
charles manson,1
chariot,1
chaos,1
change,1
chancel,1
chance,1
championship,1
chameleon,1
central and south america,1
cell phone,1
chess tournament,1
celebrity,1
cb radio,1
cavern,1
cavemen,1
cave,1
cavalry,1
cautery,1
catskills,1
catholicism,1
catastrophe,1
cheerleading,1
chicken,1
cocaine,1
church choir,1
coal mine,1
coaction,1
coach,1
co-parenting,1
clone,1
climbing,1
civil rights,1
city ruin,1
city hall,1
circus,1
church,1
chicken farm,1
christmas party,1
christian film,1
choreography,1
chinese woman,1
chinese mafia,1
chinese,1
chinatown,1
chile,1
child prostitution,1
child of divorce,1
crisis line,1
crisis of faith,1
crow,1
domineering mother,1
drowning,1
drought,1
driving school,1
dream sequence,1
dream girl,1
dr. seuss,1
downfall,1
down syndrome,1
dortmund,1
donkey,1
dogme 95,1
drug crime,1
divorced parents,1
dissection,1
dismemberment,1
disguise,1
disease,1
discovery,1
discontentedness and displeasedness,1
disaster movie,1
disappearance,1
disabled,1
drug cartel,1
drug dealing,1
crucifix,1
east asian lead,1
election,1
elderly,1
elasticity,1
el dorado,1
eiffel tower paris,1
egyptian tomb,1
egypt,1
ecstasy,1
eclipse,1
east friesland,1
early america,1
drug rehabilitation,1
dysfunctional family,1
dysfunctional,1
dying in arms,1
dying,1
dvd,1
duke,1
dual identity,1
drug trafficking,1
drug smuggle,1
drug ring,1
director,1
diplomacy,1
dining hall,1
cynical,1
darkness,1
dark heroine,1
dark fantasy,1
dark,1
dance teacher,1
dance hall,1
dance competition,1
dance,1
dalmatian,1
dallas texas,1
customer,1
difficult childhood,1
custody battle,1
culture clash,1
culture,1
cultural difference,1
cuban missile crisis,1
cuba,1
cryptography,1
cryogenics,1
cruise ship,1
crude humor,1
dea agent,1
dead,1
deaf,1
dean,1
diet,1
dictatorship,1
diamond heist,1
devil's son,1
detox,1
despair,1
deserter,1
deserted island,1
desert thief,1
depression,1
deportation,1
depiction of god,1
denunciation,1
dentist,1
demonic possession,1
dementia,1
delusion,1
delinquent,1
deformity,1
deceived husband,1
debt,1
cataclysm,1
casting,1
elementary school,1
ape,1
art class,1
arrogance,1
arranged marriage,1
argentina,1
arena,1
architect,1
archaeological dig,1
arabian nights,1
apostle,1
apocalypse,1
apartment building,1
art film,1
apartheid,1
antwerp,1
antiquary,1
anti-authoritarian,1
anthropomorphism,1
anthology,1
anniversary,1
animals,1
animal horror,1
angkor wat,1
art exhibition,1
artifact,1
ancient greece,1
aurora borealis,1
bad boss,1
backyard surgery,1
backpacker,1
ax,1
awol,1
avant-garde,1
automobile,1
austria,1
australian western,1
australian outback,1
aunt nephew relationship,1
artist,1
attempted suicide,1
attempted murder,1
atrocity,1
atheism,1
asylum,1
asteroid,1
assault,1
assassination attempt,1
assassination,1
aspiring writer,1
ancient world,1
american revolution,1
cartoon,1
accident,1
affair,1
aerial photography,1
advertising executive,1
adult animation,1
adoption,1
adolescence,1
addicted,1
adam and eve,1
actor playing multiple roles,1
actor,1
abusive father,1
african american,1
absurd humor,1
absinthe,1
aborigine,1
8th century,1
2nd century,1
21st century,1
2000s,1
1930s,1
1910s,1
16th century,1
affection,1
african american comedy,1
american businessman,1
alien race,1
american,1
amateur theater,1
amateur radio,1
amateur football (soccer),1
alzheimer's disease,1
alternate timeline,1
alternate history,1
altering history,1
alter ego,1
alienation,1
alien planet,1
aging,1
alien invasion,1
alien creature,1
alien contact,1
alcohol,1
alchemy,1
alchemist,1
airplane crash,1
airplane accident,1
aircraft carrier,1
agoraphobia,1
bahamas,1
ball,1
bamboo,1
brisbane,1
brutal,1
brother sister relationship,1
brother brother relationship,1
brothel,1
"brooklyn, new york city",1
brooklyn bridge,1
broken home,1
broken finger,1
british raj,1
british colonial,1
brighton,1
buddhism,1
brazilian,1
bravery,1
brain tumor,1
brain transplant,1
bracelet,1
boyfriend,1
boxer,1
boredom,1
book store,1
bong,1
brutality,1
buddhist,1
bank clerk,1
camp,1
cargo ship,1
career woman,1
car thief,1
car dealer,1
captive,1
capitalism,1
canuxploitation,1
candlelight vigil,1
cancer,1
cancan dance,1
calamity,1
bulldog,1
caddy,1
cabinet officer,1
cabin in the woods,1
cabin,1
butterfly,1
business start-up,1
bus trip,1
burglary,1
bureaucrat,1
bully,1
bondage,1
bomb,1
bohemian,1
battle assignment,1
behind enemy lines,1
beauty standards,1
beauty queen,1
beauty contest,1
beautiful woman,1
beatnik,1
beating,1
bear,1
bdsm,1
battlefield,1
battle,1
bodily dismemberment,1
basketball,1
based on tv series,1
baseball,1
bartender,1
barrio,1
bare knuckle boxing,1
barbarian horde,1
bank robber,1
bank heist,1
bank employee,1
behind the scenes,1
belle epoque,1
berater,1
bible,1
boarding school,1
boarder,1
blues music,1
blue collar,1
blonde,1
blizzard,1
blindness and impaired vision,1
blindness,1
blindfold,1
blast,1
blade,1
blacklight,1
black magic,1
black lgbt,1
black and white,1
bizzare comedy,1
bite,1
bisexual man,1
birthday,1
biological weapon,1
big city,1
electric chair,1
elephant,1
missing child,1
jackson pollock,1
journalist,1
journalism,1
jorge luis borges,1
john f. kennedy,1
job interview,1
jedi,1
janitor,1
jamaican,1
jail guard,1
jaguar,1
jackhammer,1
journey around the world,1
jack the ripper,1
jack ryan,1
ivy league,1
italy,1
italian american,1
italian,1
israel,1
invisible person,1
invisible monster,1
investment firm,1
journey,1
journey to the future,1
interrogation,1
king arthur,1
las vegas,1
laptop,1
lakota,1
laid off,1
ladies' man,1
laboratory,1
la traviata,1
kreuzberg,1
knight,1
kingdom,1
killer robot,1
jousting,1
kids,1
key,1
kenia,1
kendo,1
keks,1
katana,1
karakoram,1
kansas,1
k2,1
judgment,1
investment banker,1
interracial romance,1
homeless,1
hoverboard,1
identity crisis,1
ice hockey,1
ice age,1
ibiza,1
hysteria,1
husband wife relationship,1
hunting,1
hungarian,1
human subjugation,1
human rights,1
housewife,1
illegal immigration,1
house party,1
house,1
hotel room,1
hostility,1
horse race,1
horse,1
horror spoof,1
horror parody,1
horniness agent,1
homicide,1
ideology,1
illuminati,1
interracial relationship,1
inheritance fight,1
internet portal,1
internet,1
intelligence,1
intellectually gifted,1
insurgence,1
insurance salesman,1
insulin,1
institution,1
insane asylum,1
innocence lost,1
infiltration,1
immigrant,1
industrial revolution,1
individuality,1
individual,1
indigenous lgbt,1
indian war,1
india,1
incan empire,1
impostor,1
impersonation,1
immortality,1
15th century,1
lasersight,1
lasso,1
marvel cinematic universe,1
memory,1
melancholy,1
medieval,1
medical student,1
medical school,1
mechanical hand,1
maximus,1
mass suicide,1
mass grave,1
marvel comics,1
marshal,1
menace,1
married couple,1
marriage problems,1
marriage dispute,1
marquis de sade,1
marina,1
manuscript,1
mansion,1
mannequin,1
mankind,1
man-woman relation,1
memory loss,1
menstruation,1
last supper,1
mind control,1
missile,1
miss simpatia,1
misogyny,1
miracle,1
mining,1
mini cooper,1
minefield,1
mine field,1
mine,1
mind game,1
military discharge,1
mental illness,1
military coup,1
migration,1
microchip,1
microbudget,1
"miami, florida",1
meter maid,1
metamorphosis,1
mentor,1
mentally handicapped man,1
mentally disabled,1
man vs machine,1
man between two women,1
man,1
life insurance,1
locker,1
lock pick,1
llama,1
little girl,1
little boy,1
literature competition,1
literary adaptation,1
lincoln assassination,1
light,1
life planning,1
liberation,1
malibu,1
liar,1
lemur,1
leisure,1
legal drama,1
lebanon,1
leaving one's family,1
leaving home,1
leave,1
leather jacket,1
latinx lgbt,1
logging,1
london underground,1
long island,1
long take,1
male model,1
male masturbation,1
male corpse,1
male camaraderie,1
mail order bride,1
magician,1
magic realism,1
mafia boss,1
machete,1
luxury car,1
lured,1
lucifer morningstar,1
lucifer,1
louisiana,1
lottery,1
lost love,1
lost baggage,1
loss of sense of reality,1
loss of powers,1
loss,1
lordship,1
homeless teenager,1
holocaust (shoah),1
elite unit,1
female psyche,1
filmteam,1
film school,1
film makers,1
fighter pilot,1
fighter jet,1
fictional war,1
fictional government agency,1
fictional awards show,1
fetish,1
female scientist,1
female martial artist,1
fire,1
female corpse,1
female artist,1
fear of dying,1
fear,1
fbi agent,1
father-in-law,1
father son relationship,1
father murder,1
father figure,1
fate,1
finances,1
fire engine,1
fashion magazine,1
florida,1
forbidden love,1
football (soccer) coach,1
football (soccer),1
foot race,1
foot pursuit,1
foot chase,1
flying ship,1
flying saucer,1
flush,1
flu,1
"florence, italy",1
firearm,1
flirt,1
flatulence,1
flask,1
flamenco,1
fistfight,1
fishing,1
fisherman,1
fish,1
first time,1
fireworks,1
fashion show,1
fashion industry,1
hitchhike,1
erotic thriller,1
ex-girlfriend,1
evil,1
european,1
europe,1
eternal youth,1
essex,1
escort,1
escape from jail,1
escape from a mental institution,1
erotism,1
eritrea,1
ex-wife,1
erection,1
epistaxis,1
epic,1
environmental law,1
entrance examination,1
energy supply,1
energy company,1
enchantment,1
emigration,1
emigrant,1
ex-lover,1
execution,1
farmer,1
fairy,1
farm,1
fantastic four,1
fanatic,1
family's daily life,1
family secrets,1
family relationships,1
family drama,1
false accusations,1
faith healer,1
faith,1
eyebrow,1
exhaustion,1
eye operation,1
extraterrestrial technology,1
expressionism,1
explosive,1
exploding house,1
expelled,1
expectant mother,1
exorcism,1
existentialism,1
exhibitionist,1
ford mustang,1
foreign,1
foreign exchange student,1
gun,1
handcuffs,1
hamlet,1
"hamburg, germany",1
hallucination,1
haitian gang,1
hairdresser,1
hacking,1
hacker,1
gynecologist,1
gunslinger,1
guitar player,1
harmony,1
guitar,1
guilt,1
guide,1
guardian angel,1
guantánamo,1
grunge,1
groupie,1
group dynamics,1
gross out comedy,1
groom,1
harassment,1
harvard business school,1
forensic science,1
heroin addict,1
historical figure,1
historical fiction,1
historic,1
hippie lifestyle,1
hip-hop,1
himalaya,1
high society,1
high school graduation,1
high school friends,1
heroine,1
hereditary disease,1
hate crime,1
hell,1
helicopter crash,1
helicopter chase,1
hedonism,1
heart specialist,1
heart attack,1
head coach,1
haunting,1
haunted house,1
hatred,1
grocery store,1
grocery,1
greenhouse,1
galactic war,1
gay bashing,1
gay artist,1
gatling gun,1
garden gnome,1
garage,1
gang of thieves,1
gang,1
game,1
gambling,1
galaxy,1
gain,1
great depression,1
futuristic,1
future noir,1
funeral,1
freak,1
fraud,1
fraternity,1
foster child,1
fort,1
forgiveness,1
forest,1
gay couple,1
gay lead character,1
gay relationship,1
general,1
grave,1
graduate student,1
governor,1
government conspiracy,1
government,1
governance,1
gossip,1
gorilla,1
gore,1
good becoming evil,1
golf,1
golden gate bridge,1
gold,1
goddess,1
goblin,1
gladiator,1
girls' boarding school,1
girls with guns,1
gigolo,1
ghost train,1
german-turkish living together,1
zombie,1
