overview
"Twenty years ago Danny Summer found his father hanging from the rafters on Christmas Eve. Ever since that night he has been plotting revenge. When Brian Hartwell moves into Jessica Michael's guesthouse, she has no idea that her new tenant has a deadly agenda to go with his new identity. Her daughter Laura doesn't trust him from the beginning but can't convince her mother that there's more to ""The Perfect Tenant"" than meets the eye."
Four young gamblers come up with a plan to get out of debt with a fixed game.
"The life of Rauli ""Badding"" Somerjoki, a Finnish singer."
"Paris, 1830. In the heart of the town, Vidocq, a famous detective, disappears as he fights the Alchemist, an assassin that he has been pursuing for a few months. His young biographer, Etienne Boisset, decides to avenge Vidocq's death and takes the investigation on..."
"Thriller - Unwittingly framed for murder, Jim Mix is desperate to escape an insane asylum in the Deep South. In his flight from the institution, Jim embarks on a physical and spiritual quest to regain his life in False River. -  Salvator Xuereb, George Faughnan, Stephanie Astalos-Jones"
"After being bitten by a genetically altered spider, nerdy high school student Peter Parker is endowed with amazing powers to become the Amazing superhero known as Spider-Man."
"Don Casto is a widower who spends most of his evenings carousing at nightclubs while, behind his back and much to his annoyance, Ramon courts his daughter Paquita. One of the vaudeville acts that Don Casto particularly admires is Ramper the Clown. However, when the clown removes his make-up he becomes Ramon. The young couple now try to trick the father into accepting their engagement."
"After 30 years on the road, a veteran jewellery salesman is forced to show his young replacement the tricks of the trade. But when the kid introduces him to the ladies of the ""Altoona Riding Club,"" the old dog is introduced to a whole new set of ""tricks."""
"Letter from Beirut documents the filmmaker's return to Beirut during one of the lulls, three years after the outbreak of the civil war, animated by the urge to return. She is confronted by the physical, emotional and psychological ravages of the war, terrified and sorrowful, she cannot find her place in the city. In that quest, she communicates with everyday people, friends, neighbors, people riding the bus across the city's eastern and western flanks. To pace her journeying and dramatic unraveling of the film, Saab borrows the guise of a letter read in a voice-over, written by world-renowned poet Etel Adnan. A rare document from the civil war, Letter from Beirut lays bare and spontaneously how people make sense of their everyday in the midst of chaos, violence, terror and sorrow."
"Mr Accident is a satirical, romantic rocket ride through the lives of a bunch of losers hurtling into the chaos that is contemporary life. It's a circus of cool catastrophes underpinned by a moral tale about the downside of addiction and corporate globalisation. It's a trip!"
"In this quirky romantic comedy inspired by a true story, an influx of women invade the small town of Herman, Minn., to get their hands on a surplus of bachelors yearning for female companionship. When the persuasive ""cry from the heart"" of Herman's lonely men becomes a big-time news story, it unwittingly attracts a swarm of single women from 38 states and four different foreign countries, adding 1,500 residents to the tiny hamlet of 485."
Mike and Lenny are two buddies who dream of getting out of the trailer park. Out of desperation they resort to burglary as a means of financing Mike's college education. Their dream is jeopardized one summer day when their ploy to shoplift Near Beer begins a crime spree and a series of mishaps during which they are threatened with jail.
"Seymore is a young man with the mind of a child. He loves three things in life: basketball, sneaking out for cigarettes, and his mother. But all life's simple pleasures are brutally torn from him when he witnesses his mother gunned down by a neighborhood punk.  Now Seymore must overcome the child within as he rises up to fight for some kind of justice. It's a fight that will take him out into the streets where there are few friends and many enemies -- and one of them is a killer who wants him silenced."
"In 1890s India, an arrogant British commander challenges the harshly taxed residents of Champaner to a high-stakes cricket match."
"The vice president is dead, and as the president makes his choice for a replacement, a secret contest of wills is being waged by a formidable rival. When Senator Laine Hanson is nominated as the first woman in history to hold the office, hidden agendas explode into a battle for power."
"A thirty-something Irish-American former matador teaches a bull-fighting class in Greenwich Village. After the sexual conquest of a number of his female students, he meets his match in a 19-year-old co-ed."
"Set in the 1790s, this historical drama follows the travails of an idealistic noblewoman who helps lead a daring revolution in Italy."
"In 1995 three Puerto Rican teenagers enter an apartment where they are shot many times by plain clothes NYPD officers. Two of the teenagers die and one is wounded. The officers claim the men had come to rob the tenants of the apartment but one of the boy's mothers investigates the shooting after the Grand Jury find everything was fine. The Civilian Compliant Review Board CCRB also pick up her complaint and find proof of a shoddy investigation, over-looked facts and an attempt to cover up anything that would make the NYPD look bad that goes the whole way to Mayor Giuliani himself."
Lives spiral out of control when four friends cover up a murder.
"An Italian street hood gets romantically involved with a woman who is the ex-girlfriend of a leader of a white supremacist gang, after being being brutally attacked by the gang he seeks revenge via his street connections."
"Based on the award-winning best seller by Jess Mowry, ""Way Past Cool"" is a coming-of-age story told in reverse, for it is the story of a group of young black kids and their fight to reclaim their childhood."
"Fact-based story about Irish crime-investigating reporter Sinead Hamilton, who invaded the Irish underworld and attempted to expose the illegitimate activities she found. Hampered by the system, a police consort is ineffectual at aiding her despite trying to step outside of the normal bounds. Kevin McNally plays her husband, who hates her activities and the danger in which she places herself. Nonetheless, he grudgingly admires her persistence and encourages her investigation."
"Free spirit Lee Ann plans to sell her baby to pay her rent, much to the dismay of her roommate."
"The story of ""Osveta/Odmazda (Blood vengeance)"" is placed at the end of the 19th and at the second half of the 20th century. The locations are different and completely opposite: the rural Macedonia at one hand, and the urban environment of an industrial region in Belgium at another..."
"A desperado named Reo is killed by the police. When he goes to hell, the devil gives him a second chance to live. After returning to the living world, he looks for redemption. But soon he finds out that the devil has played dirty with him."
"Jankovics's adaptation of the eponymous play is divided into multiple parts, and depicts the creation and fall of Man throughout history."
"Ordinary single girl Amanda Pierce unexpectedly finds herself sharing an awesome Manhattan apartment with four sexy supermodels. Determined to bring Amanda into their world, the models give her the ultimate makeover. The plan works fabulously as Amanda connects with next door charmer Jim Winston. That is, until one night..."
A serial killer turns the life of a family on vacation into a nightmare.
"Based on a true story its the untold story of Italian World War II POW""S in Jan 1946. Luca Zingaretti stars as one of over 50,000 Italian Prisoners of War detained at POW camps in the U.S. Roy Schneider stars as Colonel Gartner, the Commander of the camp. Things take a turn for the worse when Manin is brought back from his most recent escape by a patrol force, only to realize that the camp has been evacuated while he was gone. Gartner is forced to keep Manin at the camp until another patrol force can come pick him up. However, no one ever comes. The phone lines get cut, and the two men realize they are completely isolated from the outside world. It is up to each man now to escape the camp.An untold and rarely known fact of US held Italian POW""S"
Supermodel Everhart is kidnapped by bad guy Prochnow and rescued by good guy Otto in technopop action.
"Three children accidentally get turned into fish after drinking a potion made by an eccentric scientist. The kids end up in the sea, with one problem. They must find and drink the antidote within 48 hours, or forever remain as fish."
"What happens when a person decides that life is merely a state of mind? If you're Betty, a small-town waitress and soap opera fan from Fair Oaks, Kansas, you refuse to believe that you can't be with the love of your life just because he doesn't really exist. After all, life is no excuse for not living. Traumatized by a savage event, Betty enters into a fugue state that allows -- even encourages -- her to keep functioning... in a kind of alternate reality."
"The sailor is ""persuaded"" by a princess to help her rescue her kingdom from something fishy."
"After losing another job, two idiots embark on an adventure of mythic proportion: to acquire ""Feed Bags,"" the discontinued entire-meal-in-a-bag, to impress their two equally dim-witted dates. When the only convenience store in town that carries the discontinued food item is found closed, Waylon and Buzz break in and can't break out."
Documentary examining contemporary Jewish musical culture in New York's avant garde Jazz scene in the 1990s.
"It's been 10 years since John Connor saved Earth from Judgment Day, and he's now living under the radar, steering clear of using anything Skynet can trace. That is, until he encounters T-X, a robotic assassin ordered to finish what T-1000 started. Good thing Connor's former nemesis, the Terminator, is back to aid the now-adult Connor … just like he promised."
A look at the lives of 19th-century composers Clara and Robert Schumann.
"Carl-Gustaf Nykvist's documentary about his father, Sven Nykvist. The film is based on Sven's memoirs with Sven himself as narrator. A journey to the place of birth, Moheda, constitutes the hub of the film and during the journey friends and memories emerge. Written by Fredrik Klasson"
"Frank Corvin, ‘Hawk’ Hawkins, Jerry O'Neill and ‘Tank’ Sullivan were hotdog members of Project Daedalus, the Air Force's test program for space travel, but their hopes were dashed in 1958 with the formation of NASA and the use of trained chimps. They blackmail their way into orbit when Russia's mysterious ‘Ikon’ communications satellite's orbit begins to degrade and threatens to crash to Earth."
Two men identified only as Black Man and White Man start the film as a discussion over a speech on race to be given at school the next day and escalates into an argument about the differences in the races - moving along all of the cultural lines and finding mutual fears and concerns.
"This is the story of Rosario and Matteo, two man from Southern Italy. Rosario is helped by Luigi to settle in the north. Luigi wants to give Rosario a chance to redeem himself and offer him, at the same time, an opportunity to confront his beliefs with the ones of his son Matteo. Rosario lives in a ""commune"" and Matteo in a beautiful, comfortable house. They're both introverted and shy and find a common ground: they meet, go out together, become friends and show each other a completely different way of living their lives as teenagers."
"Rock Star tells the story of Chris Cole and a rock band called Steel Dragon. Cole is a photocopier technician by day, and the lead singer of a Steel Dragon tribute band called ""Blood Pollution"" by night.Internal struggles between the Steel Dragon band members culminate with the firing of the lead singer, Bobby Beers and the starting of recruitment sessions to find a new vocalist. Loosely inspired by the true story of the heavy metal band Judas Priest."
"A Jewish woman named Jettel Redlich flees Nazi Germany with her daughter Regina, to join her husband, Walter, on a farm in Kenya. At first, Jettel refuses to adjust to her new circumstances, bringing with her a set of china dishes and an evening gown. While Regina adapts readily to this new world, forming a strong bond with her father's cook, an African named Owuor."
An inside look into one night in the San Francisco underground rave scene.
"In 1970s Atlanta, a diminutive gay man tries to find succor from the small-town religion that filled him with self-loathing. He meets Miss Make-Do, who teaches him the fun of reckless behavior and emotional management via getting higher than a kite. The film features a host of cameos from John Ritter, Marilu Henner, Kathy Kinney and others."
"This road movie explores the nature of the bond between twins by focusing on a love affair between a man and a woman, each of whom has a twin brother."
High school student tries to improve soccer skills by practicing dance and falls for his dance partner.
"An attractive woman detective, expert in cases of conjugal infidelity is hired by a mysterious millionaire, unaware that she will get involved in a feverish love triangle to gather all the evidence she needs to finish the case."
"Although Harry and Lisa have a happy marriage, their sex life is rather boring. And it's not just the fact that Lisa is overly prudish. One day Harry collides with attractive Jessica, who works as a dominatrix, and a passionate affair between them ignites. Lisa begins to tempt their neighbors, Bill and Kiki. However, the situation suddenly escalates when a chance encounter with Lisa and Jessica when they shared a dinner bill."
"Story in set in Sicily, 1800. The Uzeda family fights to remain in control of its power against the new regime, both on political and personal side, leading to intricate love affairs, difficult parental relashionship and obstacles on their way to the top."
An American army intelligence officer discovers corruption and murder by American soldiers in Vietnam.
"Jonny dreams of leaving his dead-end job as a courier. Through his childhood best friend, nephew of the notorious crime lord Ray Kreed, he wins his way into the toughest gang in North London. Hungry for action, Jonny sparks a feud between Ray's gang and a rival firm in South London headed by drug kingpin Sean and his lieutenant Matthew."
"When Maggie's sister Jenna saddles her with an autistic newborn named Cody she touches Maggie's heart and becomes the daughter she has always longed for. But six years later Jenna suddenly re-enters her life and, with her mysterious new husband, Eric Stark, abducts Cody. Despite the fact that Maggie has no legal rights to Cody, FBI agent John Travis takes up her cause when he realizes that Cody shares the same birth date as several other recently murdered children."
"When odd reports are received through official channels stating that the President of the United States is being held captive on a secret international moon base called Vegan and that he has been replaced on Earth by a clone, the US Marshall Service immediately sends their 'best' man, Dix, on the mission."
"David, a recently fired scrapyard worker and Marie, a prostitute, both about 20 years old, meet on New Year's Eve in Berlin and decide to run away together. As David's arm is plastered from an accident Marie continues to prostitute herself to finance their restless journey through the Ruhr area. Their love and their will to survive guide them though all problems."
Footage of a brutal murder becomes a feature on the internet.
"In the final days of World War II, the Nazis attempt to use black magic to aid their dying cause. The Allies raid the camp where the ceremony is taking place, but not before a demon—Hellboy—has already been conjured. Joining the Allied forces, Hellboy eventually grows to adulthood, serving the cause of good rather than evil."
"If You Were Young: Rage highlights the other side of post-war Japanese prosperity, focusing on the throngs of young people who missed out on the boom. We follow a group of young men that can't seem to get ahead, despite their willingness to try. Then one hits upon a plane - to work together to save for a dump truck and thus become independent contractors and be their own bosses at last. Ultimately life presents obstacles: jail for one, violence at the hands of the police for another and a girlfriend and subsequent children for the third. An early Kinji Fukasaku gem that imports the freewheeling style of the French New Wave and the hip detachment of American noir."
"After proving himself on the field of battle in the French and Indian War, Benjamin Martin wants nothing more to do with such things, preferring the simple life of a farmer. But when his son Gabriel enlists in the army to defend their new nation, America, against the British, Benjamin reluctantly returns to his old life to protect his son."
"Valentine Casey is a Marshal in the desolate Tucson territory of the early 1900s. On Christmas Eve, his outlaw family pays him a disturbing visit. He must confront the sins of his past. He and his partner, U.S. Christmas, journey through the desert to a small town that the ruthless Henry Clan has hit in order to save Casey's love, Adelyne."
"FBI Agent Jason Chandler has devoted his life to enforcing the law. But on the trail of a series of mysterious murders surrounding some of society's deadliest serial killers, Agent Chandler is forced down a path where no one can be trusted. Only this time, sociopathic killers are being meticulously murdered one by one in grisly circumstances - and it's no coincidence. Now, to search for justice, he must uncover the truth. And the life he must protect will be his own."
"Before he broke out with the J.D. Salinger-esque Tadpole in 2002, producer-turned-director Gary Winick filmed this little-seen relationship drama. Fisher Stevens stars as the title character, a writer with one novel under his belt who can't seem to deliver the follow-up. Instead, he spends his time compulsively cheating on his photographer girlfriend, Cass (Annabella Sciorra); giving the runaround to his agent, Richard (Ron Rifkin); and trying to keep his landlord, Murray (Luis Guzman), at bay."
"Illegal boxing promoter Turkish convinces gangster Brick Top to offer bets on bare-knuckle boxer Mickey at his bookie business. When Mickey does not throw his first fight as agreed, an infuriated Brick Top demands another match. Meanwhile, gangster Frankie Four Fingers comes to place a bet for a friend with Brick Top's bookies, as multiple criminals converge on a stolen diamond that Frankie has come to London to sell."
"When a rare phenomenon gives police officer John Sullivan the chance to speak to his father, 30 years in the past, he takes the opportunity to prevent his dad's tragic death.  After his actions inadvertently give rise to a series of brutal murders he and his father must find a way to fix the consequences of altering time."
A young girl is plucked from small-town obscurity and thrust into the spotlight of the glamorous world of super-models.
A movie crew invades a small town whose residents are all too ready to give up their values for showbiz glitz.
"A drama about how to let go of our emotional ""baggage"" and start living in the moment."
"Alex, a 28 year-old photographer, is no longer able to photograph people, for some mysterious reason. Every time he focuses his camera on someone, the same woman appears in his viewfinder - an image he cannot bear. When his brother Aram, whom he has not seen or spoke to for years, unexpectedly phones him and asks him to come to their parental home because their mother is severely ill and may not have long to live, he panics. The thought of a confrontation with the area where he grew up and the renewed encounter with his family makes him feel nervous. Nevertheless, that evening he leaves for AmnesiA: the estate of his parents, the spot where he spent his youth."
"Master is a talented writer in Moscow working on a manuscript about the biblical Jesus and Pontius Pilate. Authorities in Moscow are harassing Master by surveillance and intimidation. Victimized by their harassment, Master throws his manuscript into the fire, before he is locked up in a mental clinic. His assistant and Muse Margarita tries to help Master using the supernatural powers she got from the devil - Woland who is visiting Moscow.."
An old woman helps a young boy resolve his feelings over the death of his mother.
"In LA's Fairfax district, where ethnic groups abound, four households celebrate Thanksgiving amidst family tensions. In the Nguyen family, the children's acculturation and immigrant parents' fears collide. In the Avila family, Isabel's son has invited her estranged husband to their family dinner. Audrey and Ron Williams want to keep their own family's ruptures secret from Ron's visiting mother. In the Seelig household, Herb and Ruth are unwilling to discuss openly their grown daughter's living with her lover, Carla. Around each table, things come to a head. A gun, an affair, a boyfriend, and a pregnancy precipitate crises forcing each family to find its center."
"After a spectacular crash-landing on an uncharted planet, brash astronaut Leo Davidson finds himself trapped in a savage world where talking apes dominate the human race. Desperate to find a way home, Leo must evade the invincible gorilla army led by Ruthless General Thade."
"A group of attractive women get together for a weekend of bonding, hoping to relax and getaway from the anxiety of their boyfriends. The women travel out of town which leads them to picking up men of questionable integrity. The next problem is what will they tell their boyfriends when they get back home."
"A comedy of discriminating taste and dirty little secrets, the story is set in 1952 England, where Nigel, the Earl of Marshwood, woos Hollywood star Miranda Frayle, upsetting both his mother, Countess Felicity of Marshwood, and her former love, fellow Hollywood star Don Lucas. Right before the engagement party to be held at Marshwood, Moxie, the Countess's personal maid and best friend reveals that Miranda is her estranged sister. Crestwell, the Countess's butler, quickly devises a plan-but an inebriated Lucas's arrival at Marshwood to try to talk to Miranda causes all chaos to break loose."
"A biography of artist Frida Kahlo, who channeled the pain of a crippling injury and her tempestuous marriage into her work."
"A sexy blond hairdresser from the mid-west inherits her father's Beverly Hills apartment complex along with a creepy gardener and a slew of murders. Things get complicated when the detective on the case falls for her. Slashes, gashes, sex and surprises abound in the murder mystery."
The lead singer of an oldies group reminisces about the good ol' days and a potential comeback.
"1969, the first winter after the violent end of the Spring of Prague: 13-year-old Hannah and her crazy young parents land as though on a completely different planet in the German economic wonderland."
Secret Service agents must retrieve the briefcase allowing the President control of America's nuclear arsenal before massive destruction ensues.
A man must battle against the mysterious men in black to discover the truth behind the urban legend Mothman.
A woman and her son must leave a small South Carolina town because of her wild behavior.
"A film poem inspired by the Peruvian poet César Vallejo. A story about our need for love, our confusion, greatness and smallness and, most of all, our vulnerability. It is a story with many characters, among them a father and his mistress, his youngest son and his girlfriend. It is a film about big lies, abandonment and the eternal longing for companionship and confirmation."
"The clumsy and shy Stanley is a nice fellow, beloved by his colleagues in the office. He has a crush on the gorgeous new-hire Diana, but he has difficulties to get close to her. When Stanley finally invites Diana for a date, he hits the homeless Phil with his Taurus, and his planned night turns upside down."
Continuing adventures of Huang Fei-hong as he becomes as living legend.
"A group of film students set out to finish filming a movie that was never completed after its director was murdered. After they begin filming, they realize they're in for a bit of trouble, not unlike the late director..."
"Imagine a world of pleasure, where passion is the ultimate obsession. When Michael and Lisa travel to India to restore an erotic sculpture, they are immediately acquainted with the Kama Sutra and introduced to the skills of seduction. But when forbidden desires are revealed, vows can be broken. Now, sexual desires are about to be reawakened and fantasies are about to come true. What you desire you cannot resist. Experience it for yourself."
"Trapped near the summit of K2, the world's second-highest mountain, Annie Garrett radios to base camp for help. Brother Peter hears Annie's message and assembles a team to save her and her group before they succumb to K2's unforgiving elements. But, as Annie lays injured in an icy cavern, the rescuers face several terrifying events that could end the rescue attempt -- and their lives."
Net Worth details the serio-comic story of four friends who learn the value of friendship as they embark on a thirty day contest to achieve the highest net worth in a new city with no cash and no connections.
"A nobleman with a literary flair, the Marquis de Sade lives in a madhouse where a beautiful laundry maid smuggles his erotic stories to a printer, defying orders from the asylum's resident priest. The titillating passages whip all of France into a sexual frenzy, until a fiercely conservative doctor tries to put an end to the fun."
"A nameless baby elephant-steer was just getting used to life in the herd, when poachers kill his mother, so he runs and gets lost. He's found by a grouchy female, Groove, the sister of an alpha-female, who walks off disgusted with life in her herd. Not exactly wholehearted, she still takes the orphan under her wing, 'til we find your herd', but fails to find his herd, or a new home with males—who find him disrespectful and mouthy—or her own herd, which nicknames the kid Whispers since his trumpeting is so weak. Meanwhile the fear of poachers and (in the movie) lions drives them north over the great river, a long and dangerous journey..."
An affair between a pianist and a teacher begins to disintegrate when girls from her school turn up missing.
"Wealthy Rajiv Sinha and middle-classed Amar Saxena are two childhood friends, with similar likes, and tastes. Their similar habits lead them to being in love with the same woman - Seema, who loves Amar, and is willing to marry him no matter what. Rajiv attempts to offer money to Sapna's guardian so that he can marry her, in vain though. When Rajiv attempts to convince Amar that Sapna is being brought up by a prostitute by the name of Ratnabai, Amar is adamant, and marries Sapna, and takes her home to his brother and his family, where they are not welcomed, and asked to leave. Rajiv and Amar stop seeing each other, and regard each other as bitter enemies. Amar and Seema manage to exist, with Amar going on to become a successful prosecution attorney. Then they get the news that Rajiv has been charged with killing a young woman named Neelam Mehta. Amar is delighted for he will be given a chance to teach Rajiv a lesson, and possibly sentence him to death."
"Led by a strange dream, scientist Aki Ross struggles to collect the eight spirits in the hope of creating a force powerful enough to protect the planet. With the aid of the Deep Eyes Squadron and her mentor, Dr. Sid, Aki must save the Earth from its darkest hate and unleash the spirits within."
Three women outsmart unsavory men who try to cheat them out of their take in an almost-botched casino heist.
"A young woman is catapulted into pop stardom, with her already-famous DJ boyfriend calling the shots."
"When the corpse of mobster Miguel ""el chino"" Sanabria surfaces, everyone thinks his death is the result of an argument during the heat of the moment. That is, everyone except Officer Ferran (Victor Mayo), who believes something more menacing was at fault. Along with Picasso (Juanko Vellido), the last person to see Sanabria alive, Ferran sets out to find the truth behind the murder -- and learns something about his own destiny in the process."
"A young single mother, Mercedes, is about to marry solid, dependable Frank, when a dashing aviator, Clay, comes into her life. But when pilot Clay crash-lands on a small, remote island he sends the inhabitants into a tailspin."
A bittersweet comedy that follows three generations of the unlucky Tredici family from Corsica in the 1940's to an Indiana fruit farm in the present.
"A 27-year-old amateur playwright with the maturity level of an adolescent reconnects with a childhood friend, and then proceeds to follow him back to Los Angeles and stalk him."
"Eric Saperston directs this amazing journey about a group of young Americans who decide to ask the age old question in life, ""what do our elders have to pass down to us?"""
