num_genres,primaryTitle,genres,originalTitle,isAdult,release_year_int,runtimeMinutes,Directors,Writers,num_of_crew,crews,num_of_cast,casts,original_language,release_date,overview,company_name,keywords_name,top_10_cast_popularity,top_10_crew_popularity,top_10_crew_popularity_mean,top_10_cast_popularity_mean,tagline,homepage,belongs_to_collection
3,Battling In My Enemies,"['Biography', 'Romance', 'Adventure']",Battling In My Enemies,1,2016.0,77.10079389363214,"['None', 'Adisorn Trisirikasem']","['Vidya Talisa Ariestya', 'Yugabharathi']",6,"['Margot Massina', 'Mark Steven Johnson', 'Penny Tsai Pei-ling', 'Antoine Santana', 'Jared Bulmer', 'Fred Peabody']",7,"['Arina Postnikova', 'Stella Schnabel', 'Kim So-eun', 'Michael Shannon', 'Aleksandr Sokolovjvskiy', 'Jérôme Humm', 'Sally Kirkland']",en,2021/04/09,"A drama about how to let go of our emotional ""baggage"" and start living in the moment.",KCD Films,"['vermont', 'supermarket']","[1.063, 0.6, 2.769, 4.682, 0.6, 0.6, 4.091]","[0.6, 0.717, 0.6, 0.694, 0.6, 0.6]",0.6351666666666667,2.057857142857143,Sometimes the toughest battles are fought in your own family.,http://movies.disney.com/remember-the-titans,Tiger Claws Collection
3,Searching At The Void,"['Family', 'Reality-TV', 'Adventure']",Searching At The Void,1,2016.0,109.69775203956301,"['Richard Trank', 'Samuel Galli']","['Petr Jarchovský', 'Ethan Coen']",7,"['Jeff Stockwell', 'Alejandro Pi', 'Steven Vesagas', 'Gunhild Enger', 'Anthony Mercaldi', 'Mitsuru Meike', 'Kim Tae-sung']",4,"['James Stevenson', 'Keita Machida', 'Priyanka Thimmesh', 'Rupert Friend']",en,2021/04/09,"When a rare phenomenon gives police officer John Sullivan the chance to speak to his father, 30 years in the past, he takes the opportunity to prevent his dad's tragic death.  After his actions inadvertently give rise to a series of brutal murders he and his father must find a way to fix the consequences of altering time.",Chozha Creations,"['demonic possession', 'female scientist']","[0.6, 2.022, 1.092, 3.346]","[0.6, 0.6, 0.6, 0.6, 0.6, 0.6, 0.6]",0.6,1.7650000000000001,No one stays innocent forever,None,None
2,Praised By My Nightmares,"['History', 'Animation']",Praised By My Nightmares,0,2005.0,97.46014814816229,"['Helena Vsetecková', 'Rebecca Richman Cohen']","['Josef Urban', 'Scott Baehrend']",9,"['Gin De Mesa', 'Justin Armao', ""John D'Aquino"", 'Shirô Kido', 'John Parish', 'Tina Baz', 'Luc Lagier', 'LaQuanda Plantt', 'Vishakh Punna']",5,"['Miyoko Inagawa', 'Joe Hasper', 'Suirei', 'Rupert Friend', 'Kareem Abdul-Jabbar']",en,2021/04/09,"It's been 10 years since John Connor saved Earth from Judgment Day, and he's now living under the radar, steering clear of using anything Skynet can trace. That is, until he encounters T-X, a robotic assassin ordered to finish what T-1000 started. Good thing Connor's former nemesis, the Terminator, is back to aid the now-adult Connor … just like he promised.",P.J. Entertainments,"['self-fulfilling prophecy', 'galaxy']","[0.6, 0.6, 0.6, 3.346, 2.316]","[0.6, 0.6, 1.586, 0.6, 0.6, 0.98, 0.6, 0.6, 0.6]",0.7517777777777778,1.4924,He's Never Been To Earth. He's Never Even Slept Over Some Other Dude's House.,http://in-crowd.warnerbros.com/,"Monsters, Inc. Collection"
4,Vanish At The Darkness,"['Crime', 'Reality-TV', 'Sci-Fi', 'Adventure']",Vanish At The Darkness,1,2021.0,86.33058583186894,"['Andrew Jenks', 'None']","['Stephen Langford', 'Junichi Masuda']",3,"['Scott Millaney', 'Kazuma Jinnouchi', 'Sebastian Tesch']",9,"['Shiho Fujimura', 'Marta Zoffoli', 'Marília Pêra', 'Liisa Raitio', 'Bikramjeet Kanwarpal', 'Rain Lau', 'Kausalya', 'Arun', 'Kanata Fujimoto']",en,2021/04/09,A woman and her son must leave a small South Carolina town because of her wild behavior.,FORT ENTERTAINMENT,"['old friend', 'diner']","[0.683, 1.052, 1.4, 0.6, 1.22, 1.178, 0.745, 1.547, 1.38]","[0.6, 0.6, 0.6]",0.6,1.0894444444444444,The only way to find out what you love is to risk everything you have.,https://www.miramax.com/movie/amelie/,None
1,Driving Into The Ocean,['Romance'],Driving Into The Ocean,1,2012.0,98.55600068883886,"['Tom Bean', 'None']","['Junichi Masuda', 'Lau Ho-Leung']",1,['Antoine Santana'],8,"['Moon Sung-keun', 'Jaromír Nosek', 'Kelli Bland', 'Arun', 'Lothar Lambert', 'Ajay Devgn', 'Yutaka Matsushige', 'Julio César Fernán']",en,2021/04/09,"Alex, a 28 year-old photographer, is no longer able to photograph people, for some mysterious reason. Every time he focuses his camera on someone, the same woman appears in his viewfinder - an image he cannot bear. When his brother Aram, whom he has not seen or spoke to for years, unexpectedly phones him and asks him to come to their parental home because their mother is severely ill and may not have long to live, he panics. The thought of a confrontation with the area where he grew up and the renewed encounter with his family makes him feel nervous. Nevertheless, that evening he leaves for AmnesiA: the estate of his parents, the spot where he spent his youth.",Canal 9 Televisió Valenciana,"['attempted suicide', 'literature']","[0.954, 0.6, 0.98, 1.547, 0.6, 2.336, 3.502, 0.6]",[0.694],0.694,1.389875,This summer it's not the same old bull.,None,Qatsi Collection
1,Breaking The River,['Sci-Fi'],Breaking The River,1,2016.0,90.16565745928172,"['Jan Kidawa-Blonski', 'Pablo Mora']","['José Viruete', 'Sachin Kundalkar']",2,"['Parag Kulkarni', 'Antoine Santana']",5,"['Suirei', 'Hirofumi Arai', 'Michael Shannon', 'Miles Jupp', 'Alwin Cocobeng']",en,2021/04/09,"Based on a true story its the untold story of Italian World War II POW""S in Jan 1946. Luca Zingaretti stars as one of over 50,000 Italian Prisoners of War detained at POW camps in the U.S. Roy Schneider stars as Colonel Gartner, the Commander of the camp. Things take a turn for the worse when Manin is brought back from his most recent escape by a patrol force, only to realize that the camp has been evacuated while he was gone. Gartner is forced to keep Manin at the camp until another patrol force can come pick him up. However, no one ever comes. The phone lines get cut, and the two men realize they are completely isolated from the outside world. It is up to each man now to escape the camp.An untold and rarely known fact of US held Italian POW""S",ElianeAntoinette,"['murder', 'doubt']","[0.6, 1.712, 4.682, 1.286, 0.6]","[0.98, 0.694]",0.837,1.7759999999999998,A young man must decide between a life on the streets and a career in the theater.,None,None
2,Mending Technology,"['Musical', 'Drama']",Mending Technology,1,2021.0,108.70512902545596,"['Pablo Mora', 'Oles Yanchuk']","['Elbia Álvarez', 'Helena Szoda-Wozniak']",8,"['Clay Liford', 'Harald Paalgard', 'LaQuanda Plantt', 'Nam Na-young', 'Steven Vesagas', 'Georges Lechaptois', 'Jared Bulmer', 'Yulia Akerholt']",8,"['Uche Jombo', 'Joe Hasper', 'Jaturong Mokjok', 'Philippine Leroy-Beaulieu', 'Bikramjeet Kanwarpal', 'Lothar Lambert', 'Asami', 'Enver Petrovci']",en,2021/04/09,"A young single mother, Mercedes, is about to marry solid, dependable Frank, when a dashing aviator, Clay, comes into her life. But when pilot Clay crash-lands on a small, remote island he sends the inhabitants into a tailspin.",Tellfilm,"['undercover operation', 'ogre']","[0.6, 0.6, 0.702, 2.014, 1.22, 0.6, 5.725, 1.426]","[0.6, 0.782, 0.6, 1.176, 0.6, 0.6, 0.6, 0.6]",0.69475,1.610875,The Business of Love,None,None
1,Battling In The Moon,['Biography'],Battling In The Moon,0,2006.0,70.40223331553103,"['Jumoke Olatunde', 'Florian Gottschick']","['Miguel Ángel Aijón', 'Lilia Topouzova']",5,"['Tina Baz', 'Phil Iglesias', 'Nikki Barrett', 'Eric Allaman', 'Amanda Sterling']",10,"['Miyoko Inagawa', 'Klaus Maria Brandauer', 'Stacy Smith', 'Enver Petrovci', 'Brian Bovell', 'Michael Shannon', 'Jaromír Nosek', 'Madonna', 'Rain Lau', 'Moon Sung-keun']",en,2021/04/09,"Before he broke out with the J.D. Salinger-esque Tadpole in 2002, producer-turned-director Gary Winick filmed this little-seen relationship drama. Fisher Stevens stars as the title character, a writer with one novel under his belt who can't seem to deliver the follow-up. Instead, he spends his time compulsively cheating on his photographer girlfriend, Cass (Annabella Sciorra); giving the runaround to his agent, Richard (Ron Rifkin); and trying to keep his landlord, Murray (Luis Guzman), at bay.",Mass Distraction Media,"['commodus', 'teenage daughter']","[0.6, 1.853, 0.648, 1.426, 1.62, 4.682, 0.6, 2.669, 1.178, 0.954]","[0.98, 0.6, 1.38, 0.6, 0.6]",0.8320000000000001,1.623,Accentuate the negative.,http://www.newline.com/properties/knockaroundguys.html,None
1,Leading Nature,['Action'],Leading Nature,0,2011.0,81.45427369070843,"['None', 'Shaji Kailas']","['Keita Yamada', 'Larry Wilson']",4,"['Paul Mills', 'Tina Baz', 'Zhou Zhiyong', 'Marius Botha']",10,"['Kausalya', 'Jo Han-sun', 'Kareem Abdul-Jabbar', 'Priya Anand', '50 Cent', 'Jérôme Humm', 'Stella Schnabel', 'Bikramjeet Kanwarpal', 'JianHao Tan', 'Agniya Kuznetsova']",en,2021/04/09,"Trapped near the summit of K2, the world's second-highest mountain, Annie Garrett radios to base camp for help. Brother Peter hears Annie's message and assembles a team to save her and her group before they succumb to K2's unforgiving elements. But, as Annie lays injured in an icy cavern, the rescuers face several terrifying events that could end the rescue attempt -- and their lives.",TPW Films,"['record store', 'wristwatch']","[0.745, 1.4, 2.316, 0.6, 1.879, 0.6, 0.6, 1.22, 0.6, 1.3]","[0.6, 0.98, 0.6, 0.6]",0.6950000000000001,1.126,A story about finding the perfect woman... and trying desperately to give her back.,https://www.miramax.com/movie/amelie/,None
3,Answering The Ashes,"['Drama', 'Thriller', 'Animation']",Answering The Ashes,1,2011.0,86.8612335955128,"['Jan-Ole Gerster', 'François Message']","['Petr Jarchovský', 'Arindam Mukerzee']",6,"['Steven Vesagas', 'Andrea Muzzi', 'Bahram Badakshani', ""John D'Aquino"", 'Jason Swanscott', 'Jeff Stockwell']",10,"['Josh Peck', 'Kanata Fujimoto', 'Leo González', 'Lothar Lambert', 'Rudon Brannon', 'Jaromír Nosek', 'Miyoko Inagawa', 'Brit Marling', 'Vincent Lindon', 'Antti Reini']",en,2021/04/09,"Carl-Gustaf Nykvist's documentary about his father, Sven Nykvist. The film is based on Sven's memoirs with Sven himself as narrator. A journey to the place of birth, Moheda, constitutes the hub of the film and during the journey friends and memories emerge. Written by Fredrik Klasson",Film Kolektiv,"['keks', 'mining']","[5.084, 1.38, 0.6, 0.6, 0.6, 0.6, 0.6, 1.871, 1.753, 1.221]","[0.6, 0.6, 0.6, 1.586, 0.694, 0.6]",0.7799999999999999,1.4309,He's Never Been To Earth. He's Never Even Slept Over Some Other Dude's House.,http://www.deadbymonday.com/,Anatomy Collection
2,Mending Technology,"['Short', 'Drama']",Mending Technology,1,2021.0,116.90854667892086,"['None', 'Ross McElwee']","['Uli Brée', 'Joanes Urkixo']",9,"['Matthias Bolliger', ""Chevonne O'Shaughnessy"", 'Vishakh Punna', 'Denise Robert', 'Georges Lechaptois', 'Nicolas Subréchicot', 'Ken Hobson', 'Ronald Víctor García', 'LaQuanda Plantt']",7,"['Shivaji Satham', 'Nelson Villagra', 'Kenny Chan', 'Jérôme Humm', 'Manoj Bajpayee', 'Eleanor Tomlinson', 'Michael Shannon']",en,2021/04/09,"Imagine a world of pleasure, where passion is the ultimate obsession. When Michael and Lisa travel to India to restore an erotic sculpture, they are immediately acquainted with the Kama Sutra and introduced to the skills of seduction. But when forbidden desires are revealed, vows can be broken. Now, sexual desires are about to be reawakened and fantasies are about to come true. What you desire you cannot resist. Experience it for yourself.",Frontera Films S.A.,"['cabin', 'kids']","[0.656, 1.052, 0.6, 0.6, 1.251, 6.525, 4.682]","[0.608, 0.6, 0.6, 0.6, 0.6, 0.6, 0.6, 0.6, 0.6]",0.6008888888888888,2.1951428571428573,"When it's time to grow up, difficult decisions must be made",http://film.britishcouncil.org/when-the-sky-falls,Tiger Claws Collection
1,Crying In The Ashes,['Drama'],Crying In The Ashes,1,2020.0,93.96277347082297,"['Dani Menkin', 'Anne Fontaine']","['Aparnaa Malhotra', 'José Viruete']",1,['Jesse Alson-Milkman'],5,"['Klaus Maria Brandauer', 'Alwin Cocobeng', 'Bikramjeet Kanwarpal', 'Leo González', 'Aris Athanasopoulos']",en,2021/04/09,"Although Harry and Lisa have a happy marriage, their sex life is rather boring. And it's not just the fact that Lisa is overly prudish. One day Harry collides with attractive Jessica, who works as a dominatrix, and a passionate affair between them ignites. Lisa begins to tempt their neighbors, Bill and Kiki. However, the situation suddenly escalates when a chance encounter with Lisa and Jessica when they shared a dinner bill.",Cott Productions,"['robin hood', 'election']","[1.853, 0.6, 1.22, 0.6, 0.828]",[0.6],0.6,1.0202,A hero should never have to stand alone.,http://www.ericsaperston.com/,Scream Collection
3,Lurking In The Mountains,"['Documentary', 'Science Fiction', 'Animation']",Lurking In The Mountains,1,2008.0,93.00341562386423,"['Pauline Merrildgaard', 'Adisorn Trisirikasem']","['Jenny Jusuf', 'Stephen Langford']",8,"['Jordan Sheehan', 'Justin Armao', 'Kazuma Jinnouchi', 'Eric Allaman', 'Paul Carter', 'Michel De Kempeneer', 'Matthias Bolliger', 'G. Mete Şener']",5,"['Robert Lowe', 'CCH Pounder', 'Ajay Devgn', 'Marília Pêra', 'Eleanor Tomlinson']",en,2021/04/09,"Trapped near the summit of K2, the world's second-highest mountain, Annie Garrett radios to base camp for help. Brother Peter hears Annie's message and assembles a team to save her and her group before they succumb to K2's unforgiving elements. But, as Annie lays injured in an icy cavern, the rescuers face several terrifying events that could end the rescue attempt -- and their lives.",Bollywood Hollywood Production,"['elderly', 'butterfly']","[0.6, 3.648, 2.336, 1.4, 6.525]","[0.71, 0.6, 0.6, 0.6, 0.6, 0.6, 0.608, 0.6]",0.6147499999999999,2.9018,The only way to find out what you love is to risk everything you have.,http://www.requiemforadream.com/,None
4,Battling In My Enemies,"['Short', 'Adventure', 'War', 'Action']",Battling In My Enemies,0,2016.0,83.30007518665265,"['Nima Nourizadeh', 'Francis dela Torre']","['Dušan Kovačević', 'Rathna Kumar']",8,"['Luke Boyce', 'Nicolas Subréchicot', 'Penny Tsai Pei-ling', 'Hallvard Bræin', 'Lindsay Graham', 'Zhou Zhiyong', 'Robert J.D.', 'Lee Chang-jae']",5,"['Kausalya', 'Jamie Denbo', 'Violeta Ferrer', 'Lisa Barnes', 'Lothar Lambert']",en,2021/04/09,"In 1995 three Puerto Rican teenagers enter an apartment where they are shot many times by plain clothes NYPD officers. Two of the teenagers die and one is wounded. The officers claim the men had come to rob the tenants of the apartment but one of the boy's mothers investigates the shooting after the Grand Jury find everything was fine. The Civilian Compliant Review Board CCRB also pick up her complaint and find proof of a shoddy investigation, over-looked facts and an attempt to cover up anything that would make the NYPD look bad that goes the whole way to Mayor Giuliani himself.",AR-TL,"['comet', 'fight']","[0.745, 1.4, 0.6, 0.6, 0.6]","[0.6, 0.6, 0.6, 0.6, 0.972, 0.6, 0.6, 0.6]",0.6465000000000001,0.789,The Agency's best has a bad case of nerves.,None,None
1,Travel To The Ships,['Comedy'],Travel To The Ships,0,2011.0,83.19078438145392,"['Monica Zanetti', 'Richard Trank']","['Emmanuel T. Adéola', 'Barry Stevens']",4,"['Robert J.D.', 'Jordan Sheehan', 'Georges Lechaptois', 'Yulia Akerholt']",9,"['Rupert Friend', 'Kenny Chan', 'Gabino Rodríguez', 'Stacy Smith', 'Puja Jha', 'Bikramjeet Kanwarpal', 'Kareem Abdul-Jabbar', 'Kanata Fujimoto', 'Enver Petrovci']",en,2021/04/09,"Mr Accident is a satirical, romantic rocket ride through the lives of a bunch of losers hurtling into the chaos that is contemporary life. It's a circus of cool catastrophes underpinned by a moral tale about the downside of addiction and corporate globalisation. It's a trip!",Fleur De Lis Film Studios,"['family relationships', 'invisible monster']","[3.346, 0.6, 1.4, 0.648, 0.6, 1.22, 2.316, 1.38, 1.426]","[0.6, 0.71, 0.6, 0.6]",0.6275000000000001,1.4373333333333334,Who is your foe?,http://www.unamordeborges.com,None
1,Driving Into The Ocean,['Science Fiction'],Driving Into The Ocean,1,2000.0,113.52957639624819,"['Nam Gee-woong', 'Antonio Piazza']","['Hideo Sakamoto', 'Helena Szoda-Wozniak']",5,"['Fred Peabody', 'Robert J.D.', 'Margot Massina', 'Justin Armao', 'Ronald Víctor García']",9,"['Stacy Smith', 'Jim Gaffigan', 'Philippine Leroy-Beaulieu', 'Alwin Cocobeng', 'JianHao Tan', 'Isibango Iko Lebrun', '50 Cent', 'Mehmet Yilmaz Ak', 'Meera Jasmine']",en,2021/04/09,A woman and her son must leave a small South Carolina town because of her wild behavior.,Temple Hill Entertainment,"['lordship', 'dentist']","[0.648, 2.139, 2.014, 0.6, 0.6, 0, 1.879, 0.648, 0.828]","[0.6, 0.6, 0.6, 0.6, 0.6]",0.6,1.0395555555555556,A new comedy about giving first love a second chance.,http://www.bigeden.com/,None
2,Breaking The River,"['Adult', 'Sport']",Breaking The River,0,2002.0,74.39804824966775,"['None', 'Ryan Little']","['Larry Wilson', 'Claudio Zaror']",5,"['Diego Betancor', 'Peter Lord', 'Wan Chi-Man', 'Steve Sepulveda', 'Matthias Bolliger']",6,"['Vincent Lindon', 'Kareem Abdul-Jabbar', 'Meera Jasmine', 'Lukman Syah', 'Mehmet Yilmaz Ak', 'Shiloh Fernandez']",en,2021/04/09,"An Italian street hood gets romantically involved with a woman who is the ex-girlfriend of a leader of a white supremacist gang, after being being brutally attacked by the gang he seeks revenge via his street connections.",HUMP Entertainment,"['terrorist', 'old town']","[1.753, 2.316, 0.828, 0.6, 0.648, 1.724]","[0.6, 0.732, 0.644, 0.6, 0.608]",0.6368,1.3114999999999999,Life's a bitch. And then you race one.,None,None
2,Crying In The Ashes,"['TV Movie', 'Animation']",Crying In The Ashes,1,2014.0,89.35856490183177,"['Suresh Krishna', 'Vicky Funari']","['Chi-long To', 'Aparnaa Malhotra']",4,"['Jesse Glucksman', 'Georges Lechaptois', 'Parag Kulkarni', ""Chevonne O'Shaughnessy""]",10,"['Rain Lau', 'Sally Kirkland', 'John Bach', 'Arun', 'Madonna', 'James C. Burns', 'Michael Shannon', 'Kareem Abdul-Jabbar', 'Asami', 'Rudon Brannon']",en,2021/04/09,"After losing another job, two idiots embark on an adventure of mythic proportion: to acquire ""Feed Bags,"" the discontinued entire-meal-in-a-bag, to impress their two equally dim-witted dates. When the only convenience store in town that carries the discontinued food item is found closed, Waylon and Buzz break in and can't break out.",Image X Productions,"['shootout', 'paragliding']","[1.178, 4.091, 0.648, 1.547, 2.669, 0.818, 4.682, 2.316, 5.725, 0.6]","[0.6, 0.6, 0.98, 0.6]",0.695,2.4274,"The fine art of love, sex and moving on.",http://www.universalstudiosentertainment.com/children-of-men/,Collection Les Boys
3,Forsaken By Nature,"['Fantasy', 'Science Fiction', 'Sport']",Forsaken By Nature,1,2007.0,86.41156036214232,"['Eric Allen Bell', 'Raymond C. Lai']","['Stephen King', 'Ethan Coen']",3,"['Matthew Price', 'Amanda Sterling', 'Sebastian Tesch']",10,"['Jonas Mekas', 'Shiho Fujimura', 'Gabino Rodríguez', 'John Bach', 'Lothar Lambert', 'Kanata Fujimoto', 'Philippine Leroy-Beaulieu', 'Sue Walsh', 'Susana Farrajota', 'Kelli Bland']",en,2021/04/09,"In the final days of World War II, the Nazis attempt to use black magic to aid their dying cause. The Allies raid the camp where the ceremony is taking place, but not before a demon—Hellboy—has already been conjured. Joining the Allied forces, Hellboy eventually grows to adulthood, serving the cause of good rather than evil.",Tredd Productions,"['katana', 'cyborg']","[0.6, 0.683, 1.4, 0.648, 0.6, 1.38, 2.014, 0.6, 0.6, 0.98]","[0.6, 0.6, 0.6]",0.6,0.9504999999999999,The Only Person You Need To Be Is Yourself.,None,None
1,Welcome To The Angels,['Sci-Fi'],Welcome To The Angels,0,2000.0,75.5431961947782,"['Lakis Papastathis', 'None']","['Lilia Topouzova', 'James Egan']",5,"['Gary Griffin', 'Liz Kearney', 'Margot Massina', 'Anthony Mercaldi', 'Kazuma Jinnouchi']",4,"['Manoj Bajpayee', 'Robert Lowe', 'Alvin Adam', 'Sean McCloskey']",en,2021/04/09,"Three children accidentally get turned into fish after drinking a potion made by an eccentric scientist. The kids end up in the sea, with one problem. They must find and drink the antidote within 48 hours, or forever remain as fish.",Living Eyes,"['brutality', 'deserted island']","[1.251, 0.6, 0.6, 0.6]","[0.6, 0.6, 0.6, 0.6, 0.6]",0.6,0.76275,Enter The Mind Of A Killer,http://www.pitchblack.com/,Final Destination Collection
2,Challenging The Swamp,"['Crime', 'Romance']",Challenging The Swamp,1,2000.0,86.72029282129785,"['None', 'Namcito']","['Marcos Carnevale', 'Julien Schwab']",8,"['Peter Lord', ""John D'Aquino"", 'Steven Vesagas', 'Jared Bulmer', 'Phil Iglesias', 'Urša Menart', 'Joon-Seok Sol', 'Matthew Price']",10,"['Robert Lowe', 'Hirofumi Arai', 'Keita Machida', 'Margaret Reed', 'Jim Gaffigan', 'Philippine Leroy-Beaulieu', 'Nelson Villagra', 'Park Myung-shin', 'Moon Sung-keun', 'Lothar Lambert']",en,2021/04/09,"Valentine Casey is a Marshal in the desolate Tucson territory of the early 1900s. On Christmas Eve, his outlaw family pays him a disturbing visit. He must confront the sins of his past. He and his partner, U.S. Christmas, journey through the desert to a small town that the ruthless Henry Clan has hit in order to save Casey's love, Adelyne.",Wolff & Rahnenführer,"['drug lord', 'palace']","[0.6, 1.712, 2.022, 0.6, 2.139, 2.014, 1.052, 0.84, 0.954, 0.6]","[0.732, 1.586, 0.6, 0.6, 0.6, 0.6, 0.6, 0.6]",0.7397499999999999,1.2532999999999999,A Hero Will Rise.,None,Shanghai Noon Collection
1,Searching At The Void,['Sport'],Searching At The Void,0,2014.0,95.66001063162676,"['Ashraf Shishir', 'Rabi Kinagi']","['Uli Brée', 'Don Rhymer']",5,"['Luc Lagier', 'Jason Swanscott', 'Phil Iglesias', 'Ronald Víctor García', 'Joon-Seok Sol']",4,"['Natasha Duvall', 'Kareem Abdul-Jabbar', 'Vincent Lindon', 'Samuel Finzi']",en,2021/04/09,"In 1970s Atlanta, a diminutive gay man tries to find succor from the small-town religion that filled him with self-loathing. He meets Miss Make-Do, who teaches him the fun of reckless behavior and emotional management via getting higher than a kite. The film features a host of cameos from John Ritter, Marilu Henner, Kathy Kinney and others.",Albert S. Ruddy Productions,"['space marine', 'police operation']","[0.6, 2.316, 1.753, 2.981]","[0.6, 0.694, 0.6, 0.6, 0.6]",0.6188,1.9124999999999999,"Professional bullriding... it's not a sport, it's war!",None,None
4,Crying In The Ashes,"['Sport', 'Biography', 'Family', 'Adventure']",Crying In The Ashes,0,2019.0,108.76243508758773,"['None', 'Antonio Piazza']","['Erik Bernasconi', 'Laura Malin']",7,"['Matthew Price', 'Martijn Koevoets', 'Nick Kray', 'Kazuma Jinnouchi', 'Antonis Kafetzopoulos', 'Konrad Szołajski', 'Rahsaan Noor']",5,"['Kenny Chan', 'Isibango Iko Lebrun', 'Park Myung-shin', 'Lisa Barnes', 'Kumar Kanchan Ghosh']",en,2021/04/09,An American army intelligence officer discovers corruption and murder by American soldiers in Vietnam.,Matila Röhr Productions (MRP),"['special agent', 'dream girl']","[0.6, 0, 0.84, 0.6, 0.6]","[0.6, 0.6, 0.6, 0.6, 1.4, 0.6, 0.6]",0.7142857142857142,0.528,A hero should never have to stand alone.,https://www.miramax.com/movie/the-yards,Shanghai Noon Collection
2,Wrong About The Apocolypse,"['Fantasy', 'Biography']",Wrong About The Apocolypse,1,2002.0,101.2082322225598,"['Ryan Little', 'Jumoke Olatunde']","['Christopher Ford', 'José Viruete']",4,"['Carl Dante', 'Nick Kray', 'Justin Armao', 'Vishakh Punna']",10,"['50 Cent', 'Aris Athanasopoulos', 'Natasha Duvall', 'Agniya Kuznetsova', 'Miyoko Inagawa', 'Jana Plodková', 'Magi Avila', 'Madonna', 'Julio César Fernán', 'Kumar Kanchan Ghosh']",en,2021/04/09,"A sexy blond hairdresser from the mid-west inherits her father's Beverly Hills apartment complex along with a creepy gardener and a slew of murders. Things get complicated when the detective on the case falls for her. Slashes, gashes, sex and surprises abound in the murder mystery.",Throbbing Temple Production,"['louis xiv', 'mayor']","[1.879, 0.828, 0.6, 1.3, 0.6, 1.646, 0.748, 2.669, 0.6, 0.6]","[0.6, 0.6, 0.6, 0.6]",0.6,1.1469999999999998,"Every year, one in 700 people wake up during surgery.",None,None
2,Lurking In The Mountains,"['Horror', 'Biography']",Lurking In The Mountains,1,2018.0,81.20822400371144,"['Cho-hee Kim', 'Graham Annable']","['Amanda Pope', 'Stephen King']",6,"['Penny Tsai Pei-ling', 'Tadeáš Věrčák', 'Matthias Bolliger', 'LaQuanda Plantt', 'Yulia Akerholt', 'Stephen Kijak']",6,"['Amber Tamblyn', 'Eleanor Tomlinson', 'Kanata Fujimoto', 'Antti Reini', 'Brian Bovell', 'Manoj Bajpayee']",en,2021/04/09,"Based on the award-winning best seller by Jess Mowry, ""Way Past Cool"" is a coming-of-age story told in reverse, for it is the story of a group of young black kids and their fight to reclaim their childhood.",CV Films,"['prison', 'regret']","[2.929, 6.525, 1.38, 1.221, 1.62, 1.251]","[0.6, 0.6, 0.608, 0.6, 0.6, 1.094]",0.6836666666666668,2.4876666666666667,Accentuate the negative.,http://poetastros.com/el-tango-del-viudo/,101 Dalmatians (Live-Action) Collection
4,Crying In The Ashes,"['Drama', 'Adult', 'Thriller', 'News']",Crying In The Ashes,0,2013.0,100.11843783388676,"['Tanya Wexler', 'None']","['Junichi Masuda', 'Alexis Martínez']",4,"['Steven Vesagas', 'Peter Lord', 'Ted Geoghegan', 'Wan Chi-Man']",5,"['Sally Kirkland', 'Manoj Bajpayee', 'Joe Hasper', 'Magi Avila', 'Jamie Denbo']",en,2021/04/09,A bittersweet comedy that follows three generations of the unlucky Tredici family from Corsica in the 1940's to an Indiana fruit farm in the present.,Bartl Laupert Dierbach Filmproduktion,"['omen', 'sibling']","[4.091, 1.251, 0.6, 0.748, 1.4]","[0.6, 0.732, 0.625, 0.644]",0.65025,1.6179999999999999,“I enjoyed it and found it very interesting and quite well made.” – Martin Scorsese,None,Highlander Collection
2,Confessions Of The Country,"['War', 'Thriller']",Confessions Of The Country,1,2010.0,70.07695620080968,"['Adeel Abbasi', 'None']","['Arindam Mukerzee', 'Christophe Morand']",6,"['Eric Allaman', 'Nam Na-young', 'Gary Griffin', 'Mitsuru Meike', 'G. Mete Şener', 'Clay Liford']",6,"['Arina Postnikova', 'Lukman Syah', 'Moon Sung-keun', 'Antti Reini', 'Jérôme Humm', 'Jennifer Laporte']",en,2021/04/09,"In 1970s Atlanta, a diminutive gay man tries to find succor from the small-town religion that filled him with self-loathing. He meets Miss Make-Do, who teaches him the fun of reckless behavior and emotional management via getting higher than a kite. The film features a host of cameos from John Ritter, Marilu Henner, Kathy Kinney and others.",Grand Slam Productions,"['death', 'vampire']","[1.063, 0.6, 0.954, 1.221, 0.6, 0.6]","[0.6, 1.176, 0.6, 0.6, 0.6, 0.6]",0.6960000000000001,0.8396666666666666,He's Never Been To Earth. He's Never Even Slept Over Some Other Dude's House.,https://vimeo.com/9273710,None
1,Breaking The River,['History'],Breaking The River,1,2004.0,73.36359122580731,"['Kai-Cheung Chung', 'Peter Cermak']","['Barry Wernick', 'Aparnaa Malhotra']",8,"['Alejandro Pi', 'Javier Farina', 'Tadeáš Věrčák', 'Andrea Muzzi', 'Paul Mills', 'Steve Sepulveda', 'Tony Trov', 'Antoine Santana']",4,"['Kareem Abdul-Jabbar', 'Bikramjeet Kanwarpal', 'Biju Sopanam', 'Stella Schnabel']",en,2021/04/09,"Fact-based story about Irish crime-investigating reporter Sinead Hamilton, who invaded the Irish underworld and attempted to expose the illegitimate activities she found. Hampered by the system, a police consort is ineffectual at aiding her despite trying to step outside of the normal bounds. Kevin McNally plays her husband, who hates her activities and the danger in which she places herself. Nonetheless, he grudgingly admires her persistence and encourages her investigation.",Centre Images,"['dark heroine', 'family secrets']","[2.316, 1.22, 0.6, 0.6]","[0.6, 0.6, 0.6, 0.6, 0.6, 0.6, 0.6, 0.694]",0.61175,1.1839999999999997,Accentuate the negative.,None,None
2,Screams In Myself,"['Short', 'Romance']",Screams In Myself,1,2014.0,117.49247399696853,"['Hitoshi Ône', 'Pauline Merrildgaard']","['Veronika Franz', 'Josef Urban']",1,['Urša Menart'],8,"['Kanata Fujimoto', 'Priya Anand', 'Alvin Adam', 'Miles Jupp', 'Agniya Kuznetsova', 'Sally Kirkland', 'Joe Hasper', 'Uche Jombo']",en,2021/04/09,"A nobleman with a literary flair, the Marquis de Sade lives in a madhouse where a beautiful laundry maid smuggles his erotic stories to a printer, defying orders from the asylum's resident priest. The titillating passages whip all of France into a sexual frenzy, until a fiercely conservative doctor tries to put an end to the fun.",I am Jervonne Productions,"['expressionism', 'cheering crowd']","[1.38, 0.6, 0.6, 1.286, 1.3, 4.091, 0.6, 0.6]",[0.6],0.6,1.307125,A town's future is riding with one man.,None,Zoolander Collection
3,Taste Of The Immortals,"['History', 'Sport', 'Romance']",Taste Of The Immortals,0,2004.0,80.86725098753688,"['Jan-Ole Gerster', 'James Pillion']","['John Wild', 'Barry Wernick']",7,"['Mike Gioulakis', 'Sebastian Tesch', 'Justin Armao', 'Tony Trov', 'Steve Sepulveda', ""John D'Aquino"", 'Bahram Badakshani']",8,"['Lothar Lambert', 'Philippine Leroy-Beaulieu', 'Alvin Adam', 'Kelli Bland', 'Kim So-eun', 'Rain Lau', 'CCH Pounder', 'Miyoko Inagawa']",en,2021/04/09,"When the corpse of mobster Miguel ""el chino"" Sanabria surfaces, everyone thinks his death is the result of an argument during the heat of the moment. That is, everyone except Officer Ferran (Victor Mayo), who believes something more menacing was at fault. Along with Picasso (Juanko Vellido), the last person to see Sanabria alive, Ferran sets out to find the truth behind the murder -- and learns something about his own destiny in the process.",CINEFACTO,"['alien planet', 'attempted suicide']","[0.6, 2.014, 0.6, 0.98, 2.769, 1.178, 3.648, 0.6]","[0.6, 0.6, 0.6, 0.6, 0.6, 1.586, 0.6]",0.7408571428571429,1.548625,"No rules, no schools & no more adults",None,None
3,Death At The Nation,"['Sci-Fi', 'Musical', 'Family']",Death At The Nation,1,2017.0,88.62544050821457,"['Helena Vsetecková', 'Lance McDaniel']","['Alejandra Olvera Avila', 'Lilia Topouzova']",2,"['Alejandro Pi', 'Gary Griffin']",5,"['Suirei', 'Asami', 'Jo Han-sun', 'Terence Harvey', 'James C. Burns']",en,2021/04/09,"After proving himself on the field of battle in the French and Indian War, Benjamin Martin wants nothing more to do with such things, preferring the simple life of a farmer. But when his son Gabriel enlists in the army to defend their new nation, America, against the British, Benjamin reluctantly returns to his old life to protect his son.",Flix Pictures,"['chinatown', 'paranormal']","[0.6, 5.725, 1.4, 0.615, 0.818]","[0.6, 0.6]",0.6,1.8316,What would you do if you knew you couldn't be seen?,None,None
4,Death At The Nation,"['Family', 'Crime', 'Science Fiction', 'Western']",Death At The Nation,0,2012.0,79.70041574459694,"['Mario Ribero Ferreira', 'None']","['Park Eun-kyo', 'Elie Meirovitz']",9,"['Javier Farina', 'Jesse Glucksman', 'Urša Menart', 'Konrad Szołajski', 'Daniel Teruggi', 'Mitsuru Meike', 'Diego Betancor', 'José Luis Castiñeira de Dios', 'Antoine Santana']",6,"['Jamie Denbo', 'Samuel Finzi', 'Kanata Fujimoto', 'Shiho Fujimura', 'Biju Sopanam', 'Kausalya']",en,2021/04/09,Lives spiral out of control when four friends cover up a murder.,Almena Films,"['child prostitution', 'psychiatrist']","[1.4, 2.981, 1.38, 0.683, 0.6, 0.745]","[0.6, 0.6, 0.6, 0.6, 0.6, 0.6, 0.6, 0.6, 0.694]",0.6104444444444445,1.2981666666666667,How far would you go to fit in?,http://sinbad-themovie.com/main.html,None
3,Welcome To The Angels,"['Talk-Show', 'History', 'Comedy']",Welcome To The Angels,1,2021.0,99.5795121120981,"[""Mario O'Hara"", 'Rabi Kinagi']","['Elie Meirovitz', 'Brian Pera']",9,"['Eloi Pires Ferreira', 'Nick Kray', 'Leonora Lim-Moore', 'Harald Paalgard', 'Denise Robert', 'Steve Sepulveda', 'Joon-Seok Sol', 'Shirô Kido', 'Mitsuru Meike']",7,"['50 Cent', 'Giovanni Martorana', 'Antti Reini', 'Miles Jupp', 'Park Myung-shin', 'Klaus Maria Brandauer', 'Yutaka Matsushige']",en,2021/04/09,A man must battle against the mysterious men in black to discover the truth behind the urban legend Mothman.,A Gardeners Production,"['journey', 'police profiling']","[1.879, 0.715, 1.221, 1.286, 0.84, 1.853, 3.502]","[0.6, 0.6, 0.644, 0.782, 0.6, 0.6, 0.6, 0.6, 0.6]",0.6251111111111111,1.6137142857142857,Trust. Seduction. Betrayal.,None,None
4,Driving Into The Ocean,"['Sci-Fi', 'Music', 'Romance', 'Science Fiction']",Driving Into The Ocean,1,2002.0,100.65832351874852,"['Maria Alexopoulos', 'Carlo Vanzina']","['Yuri Belenky', 'Uli Brée']",5,"['Margot Massina', 'Jesse Alson-Milkman', 'Tom Dey', 'Marius Botha', 'Matthias Bolliger']",10,"['Jaromír Nosek', 'Jim Gaffigan', 'Carrie Boreham', 'Klaus Maria Brandauer', 'Brit Marling', 'James Stevenson', 'Ajay Devgn', 'Asami', 'Park Myung-shin', 'Joe Hasper']",en,2021/04/09,Three women outsmart unsavory men who try to cheat them out of their take in an almost-botched casino heist.,Artcam Films,"['alien', 'pathology']","[0.6, 2.139, 0.6, 1.853, 1.871, 0.6, 2.336, 5.725, 0.84, 0.6]","[0.6, 0.6, 0.6, 0.6, 0.608]",0.6016,1.7164000000000001,It's a matter of life and sex.,http://www.youtube.com/watch?v=2XZ7fXUwf5Q,Bring It On Collection
1,Travel To The Ships,['Western'],Travel To The Ships,1,2001.0,99.73981349147104,"['Patrick Levy', 'None']","['Arindam Mukerzee', 'Yuri Belenky']",4,"['Harald Paalgard', 'Leonora Lim-Moore', 'John Parish', 'Xavier Jamaux']",4,"['Arina Postnikova', 'Jamie Denbo', 'Aris Athanasopoulos', 'Leo González']",en,2021/04/09,"After 30 years on the road, a veteran jewellery salesman is forced to show his young replacement the tricks of the trade. But when the kid introduces him to the ladies of the ""Altoona Riding Club,"" the old dog is introduced to a whole new set of ""tricks.""",Milestone Cinemas,"['niagara falls', 'down syndrome']","[1.063, 1.4, 0.828, 0.6]","[0.782, 0.644, 0.6, 0.6]",0.6565000000000001,0.97275,Two's company. Three's murder.,http://www.ballardian.com/weiss-atrocity-exhibition-review,Shanghai Noon Collection
3,Wrong About The Apocolypse,"['War', 'Crime', 'Mystery']",Wrong About The Apocolypse,0,2008.0,72.96934136911949,"['None', 'Shaji Kailas']","['Friedrich Ani', 'Rathna Kumar']",6,"['Paul Mills', 'Tony Trov', 'Branko Ištvančić', 'Antoine Santana', 'Michel De Kempeneer', 'John Parish']",7,"['Amber Tamblyn', 'Jaturong Mokjok', 'Arina Postnikova', '50 Cent', 'Jo Han-sun', 'Alwin Cocobeng', 'Hirofumi Arai']",en,2021/04/09,High school student tries to improve soccer skills by practicing dance and falls for his dance partner.,Philippians Productions and Entertainment,"['used car dealer', 'brother brother relationship']","[2.929, 0.702, 1.063, 1.879, 1.4, 0.6, 1.712]","[0.6, 0.6, 0.6, 0.694, 0.6, 0.6]",0.6156666666666667,1.4692857142857143,A Summer Night's Dream,http://www.colleenmurphy.ca/#works,Roland Hassel
2,Taste Of The Immortals,"['Science Fiction', 'Adult']",Taste Of The Immortals,1,2017.0,96.1431736858071,"['Antonio Piazza', 'Audrey Lorea']","['Pon Worravarunyou', 'Veronika Franz']",1,['Jason Swanscott'],5,"['Shiho Fujimura', 'Kumar Kanchan Ghosh', '50 Cent', 'Jo Han-sun', 'Brian Bovell']",en,2021/04/09,"A drama about how to let go of our emotional ""baggage"" and start living in the moment.",Stolen Film Productions,"['loss of sense of reality', 'american revolution']","[0.683, 0.6, 1.879, 1.4, 1.62]",[0.694],0.694,1.2364,Two's company. Three's murder.,http://movies.warnerbros.com/spacecowboys/index.html,None
3,Confessions Of My Destiny,"['Reality-TV', 'History', 'Biography']",Confessions Of My Destiny,0,2006.0,103.82830350129015,"['Andrew Jenks', 'Christopher Doyle']","['Ethan Coen', 'Alejandra Olvera Avila']",3,"['Shirô Kido', 'Georges Lechaptois', 'Paul Mills']",7,"['Aris Athanasopoulos', 'Park Myung-shin', 'CCH Pounder', 'Lisa Barnes', 'Alwin Cocobeng', '50 Cent', 'Margaret Reed']",en,2021/04/09,"A group of film students set out to finish filming a movie that was never completed after its director was murdered. After they begin filming, they realize they're in for a bit of trouble, not unlike the late director...",Onda Entertainment,"['galactic war', ""ladies' man""]","[0.828, 0.84, 3.648, 0.6, 0.6, 1.879, 0.6]","[0.6, 0.6, 0.6]",0.6,1.285,Some lines should never be crossed.,http://movies.disney.com/remember-the-titans,None
2,Forsaken By My Past,"['Sport', 'Music']",Forsaken By My Past,0,2013.0,90.49914210059114,"['Tom Bean', 'Ross McElwee']","['Anudeep Singh', 'Noé Debré']",7,"['Zhou Zhiyong', 'Steve Sepulveda', 'Stuart Baird', 'Parag Kulkarni', 'Jennifer Phang', 'Lindsay Graham', 'Jared Bulmer']",9,"['Puja Jha', 'Stella Schnabel', 'Lisa Barnes', 'Josh Peck', 'Gabino Rodríguez', 'Nelson Villagra', 'Lothar Lambert', 'Joe Hasper', 'Terence Harvey']",en,2021/04/09,Three women outsmart unsavory men who try to cheat them out of their take in an almost-botched casino heist.,Пассажир,"['brooklyn bridge', 'montreal, canada']","[0.6, 0.6, 0.6, 5.084, 1.4, 1.052, 0.6, 0.6, 0.615]","[0.6, 0.6, 0.706, 0.98, 1.38, 0.972, 0.6]",0.8339999999999999,1.2389999999999999,Talent Isn't Everything...,None,None
4,Death At The Nation,"['Talk-Show', 'Documentary', 'Drama', 'Romance']",Death At The Nation,0,2016.0,106.79405829008982,"['Stéphane Robelin', ""Mario O'Hara""]","['Santiago Fernández Calvete', 'Ilan Klipper']",2,"['Zhou Zhiyong', 'Nam Na-young']",7,"['Suirei', 'Margaret Reed', 'Park Myung-shin', 'Carrie Boreham', 'DJ Screw', 'Jo Han-sun', 'Kenny Chan']",en,2021/04/09,Lives spiral out of control when four friends cover up a murder.,ISF Film,"['newfoundland and labrador', 'american revolution']","[0.6, 0.6, 0.84, 0.6, 0.6, 1.4, 0.6]","[0.6, 1.176]",0.8879999999999999,0.7485714285714286,"A Comedy About Love, Murder, Etiquette, Male Escorts and Puppets.",None,None
1,Mending Technology,['Music'],Mending Technology,0,2016.0,93.05520690796804,"['Monica Zanetti', 'Andrew Jenks']","['Shivgopal Krishna', 'Tim Garrick']",4,"['Wan Chi-Man', 'Michel De Kempeneer', 'Denise Robert', 'Vishakh Punna']",5,"['Kanata Fujimoto', 'Sally Kirkland', 'James C. Burns', 'Jo Han-sun', 'Sean McCloskey']",en,2021/04/09,"Rock Star tells the story of Chris Cole and a rock band called Steel Dragon. Cole is a photocopier technician by day, and the lead singer of a Steel Dragon tribute band called ""Blood Pollution"" by night.Internal struggles between the Steel Dragon band members culminate with the firing of the lead singer, Bobby Beers and the starting of recruitment sessions to find a new vocalist. Loosely inspired by the true story of the heavy metal band Judas Priest.",Christoph Hübner Filmproduktion,"['vigilante justice', 'mexican standoff']","[1.38, 4.091, 0.818, 1.4, 0.6]","[0.644, 0.6, 0.6, 0.6]",0.611,1.6578,A Hero Will Rise.,None,Star Wars Collection
3,Death At The Nation,"['Western', 'Adult', 'History']",Death At The Nation,0,2017.0,92.19632973601608,"['Lance McDaniel', 'None']","['Doc Pedrolie', 'Veronika Franz']",9,"['Diego Betancor', 'Clay Liford', 'Anthony Mercaldi', 'Eugenia Montero', 'Luke Boyce', 'Nikki Barrett', 'Georges Lechaptois', 'Daniel Teruggi', 'Denise Robert']",6,"['Aris Athanasopoulos', 'Violeta Ferrer', 'JianHao Tan', 'Amber Tamblyn', '50 Cent', 'Park Myung-shin']",en,2021/04/09,"In this quirky romantic comedy inspired by a true story, an influx of women invade the small town of Herman, Minn., to get their hands on a surplus of bachelors yearning for female companionship. When the persuasive ""cry from the heart"" of Herman's lonely men becomes a big-time news story, it unwittingly attracts a swarm of single women from 38 states and four different foreign countries, adding 1,500 residents to the tiny hamlet of 485.",Bonanza Studios,"['beautiful woman', 'blindness']","[0.828, 0.6, 0.6, 2.929, 1.879, 0.84]","[0.6, 0.6, 0.6, 0.6, 0.6, 1.38, 0.6, 0.6, 0.6]",0.6866666666666666,1.2793333333333334,The system is perfect until it comes after you.,None,None
4,Amusing The Titans,"['Horror', 'Mystery', 'Documentary', 'Romance']",Amusing The Titans,0,2018.0,99.62163912471578,"['Patrick Levy', 'Rishi Prakash Mishra']","['Marion Brooks', 'Alexis Martínez']",7,"['David Seltzer', 'Hallvard Bræin', 'Rob Myers', 'Nick Kray', 'Harald Paalgard', 'Parag Kulkarni', 'Ken Hobson']",8,"['Aleksandr Sokolovjvskiy', 'Jamie Denbo', 'Shiho Fujimura', 'Sean McCloskey', 'Jérôme Humm', 'James Stevenson', 'Vincent Lindon', 'Keita Machida']",en,2021/04/09,"Valentine Casey is a Marshal in the desolate Tucson territory of the early 1900s. On Christmas Eve, his outlaw family pays him a disturbing visit. He must confront the sins of his past. He and his partner, U.S. Christmas, journey through the desert to a small town that the ruthless Henry Clan has hit in order to save Casey's love, Adelyne.",Bramaro Films S.A. de C.V.,"['tuberculosis', 'rotoscoping']","[0.6, 1.4, 0.683, 0.6, 0.6, 0.6, 1.753, 2.022]","[1.55, 0.6, 0.6, 0.6, 0.782, 0.98, 0.6]",0.816,1.03225,The system is perfect until it comes after you.,http://www.dreamworksanimation.com/shrek/,None
4,Battling In The Moon,"['Animation', 'Talk-Show', 'Science Fiction', 'Mystery']",Battling In The Moon,0,2014.0,86.97113636939594,"['None', 'None']","['Undine Damköhler', 'Oren Moverman']",5,"['Konrad Szołajski', ""Chevonne O'Shaughnessy"", 'Gary Griffin', 'Gunhild Enger', 'Wan Chi-Man']",8,"['Stella Schnabel', 'Terence Harvey', 'Moon Sung-keun', 'Puja Jha', 'Kenny Chan', 'Margaret Reed', 'Joe Hasper', 'Kanata Fujimoto']",en,2021/04/09,"In 1890s India, an arrogant British commander challenges the harshly taxed residents of Champaner to a high-stakes cricket match.",Brownstone Productions,"['grocery store', 'european']","[0.6, 0.615, 0.954, 0.6, 0.6, 0.6, 0.6, 1.38]","[0.6, 0.6, 0.6, 0.6, 0.644]",0.6088,0.743625,"Passion, Betrayal, Revenge, A hostile takeover is underway.",http://poetastros.com/el-tango-del-viudo/,None
2,Hiding My Future,"['TV Movie', 'Comedy']",Hiding My Future,1,2017.0,70.84588899463807,"['Tom Bean', 'Francis dela Torre']","['Larry Wilson', 'Don Rhymer']",4,"['Debojyoti Mishra', 'Harald Paalgard', 'Mike Gioulakis', 'Peter Lord']",8,"['Magi Avila', 'Yutaka Matsushige', 'Mehmet Yilmaz Ak', 'Carrie Boreham', 'Biju Sopanam', 'Suirei', 'Robert Lowe', 'Kenny Chan']",en,2021/04/09,"What happens when a person decides that life is merely a state of mind? If you're Betty, a small-town waitress and soap opera fan from Fair Oaks, Kansas, you refuse to believe that you can't be with the love of your life just because he doesn't really exist. After all, life is no excuse for not living. Traumatized by a savage event, Betty enters into a fugue state that allows -- even encourages -- her to keep functioning... in a kind of alternate reality.",TakToon Enterprise,"['monster', 'mexican american']","[0.748, 3.502, 0.648, 0.6, 0.6, 0.6, 0.6, 0.6]","[0.6, 0.782, 0.6, 0.732]",0.6785000000000001,0.98725,The storm is coming.,None,Shrek Collection
3,Battling In The Moon,"['History', 'Adventure', 'Mystery']",Battling In The Moon,0,2019.0,116.10839195113006,"['Clara Picasso', 'James Pillion']","['Rathna Kumar', 'Chi-long To']",6,"['Leonora Lim-Moore', 'Julia Lebedev', ""John D'Aquino"", 'Justin Armao', 'Robert J.D.', 'Jesse Alson-Milkman']",10,"['Miyoko Inagawa', 'Vincent Lindon', 'Joe Hasper', 'Robert Lowe', 'Alwin Cocobeng', 'Arun', 'Gabino Rodríguez', 'Samuel Finzi', '50 Cent', 'Aleksandr Sokolovjvskiy']",en,2021/04/09,Supermodel Everhart is kidnapped by bad guy Prochnow and rescued by good guy Otto in technopop action.,Camp / Thompson Pictures,"['foot pursuit', 'model student']","[0.6, 1.753, 0.6, 0.6, 0.6, 1.547, 1.4, 2.981, 1.879, 0.6]","[0.644, 0.6, 1.586, 0.6, 0.6, 0.6]",0.7716666666666666,1.2559999999999998,The Only Person You Need To Be Is Yourself.,https://www.warnerbros.com/movies/terminator-3-rise-machines/,"Monsters, Inc. Collection"
1,Taste Of The Immortals,['Western'],Taste Of The Immortals,1,2000.0,82.14976629615818,"['Hitoshi Ône', 'Javier Corcuera']","['Joan Scheckel', 'Tomasz Wasilewski']",7,"['Julia Lebedev', 'Harald Paalgard', 'Lindsay Graham', 'Luc Lagier', 'Gin De Mesa', 'Diego Betancor', 'Mitsuru Meike']",8,"['Miles Jupp', 'Lukman Syah', 'Aleksandr Sokolovjvskiy', 'Lothar Lambert', 'Enver Petrovci', 'Mehmet Yilmaz Ak', 'Gabino Rodríguez', 'Kelli Bland']",en,2021/04/09,"When the corpse of mobster Miguel ""el chino"" Sanabria surfaces, everyone thinks his death is the result of an argument during the heat of the moment. That is, everyone except Officer Ferran (Victor Mayo), who believes something more menacing was at fault. Along with Picasso (Juanko Vellido), the last person to see Sanabria alive, Ferran sets out to find the truth behind the murder -- and learns something about his own destiny in the process.",Warner Bros. International Television Production Sverige,"['emigrant', 'cynical']","[1.286, 0.6, 0.6, 0.6, 1.426, 0.648, 1.4, 0.98]","[0.6, 0.782, 0.972, 0.6, 0.6, 0.6, 0.6]",0.679142857142857,0.9425,The Only Person You Need To Be Is Yourself.,None,The Skulls Collection
3,Screams At The Slaves,"['Animation', 'Action', 'Reality-TV']",Screams At The Slaves,1,2007.0,103.69557940398988,"['Francis dela Torre', 'Hitoshi Ône']","['Joanes Urkixo', 'Oren Moverman']",1,['Pee Dae-sung'],6,"['Violeta Ferrer', 'Arina Postnikova', 'Park Myung-shin', 'Julien Muller', 'Margaret Reed', 'Kanata Fujimoto']",en,2021/04/09,Two men identified only as Black Man and White Man start the film as a discussion over a speech on race to be given at school the next day and escalates into an argument about the differences in the races - moving along all of the cultural lines and finding mutual fears and concerns.,Thankar Thiraikalam,"['totalitarian regime', 'flush']","[0.6, 1.063, 0.84, 0.6, 0.6, 1.38]",[0.6],0.6,0.8471666666666667,He's Never Been To Earth. He's Never Even Slept Over Some Other Dude's House.,http://www.unamordeborges.com,Star Wars Collection
3,Bleeding At History,"['Action', 'Drama', 'Talk-Show']",Bleeding At History,1,2017.0,118.06344773598089,"['Kai-Cheung Chung', ""Mario O'Hara""]","['Sanjeev Giriwer', 'Travis Campbell']",7,"['Rob Myers', 'Antonis Kafetzopoulos', 'Ken Hobson', 'Michel De Kempeneer', 'Anthony Mercaldi', 'Georges Lechaptois', 'Stuart Baird']",9,"['Kausalya', 'Madonna', 'Biju Sopanam', '50 Cent', 'Meera Jasmine', 'Susana Farrajota', 'Sean McCloskey', 'Arina Postnikova', 'Suirei']",en,2021/04/09,"Trapped near the summit of K2, the world's second-highest mountain, Annie Garrett radios to base camp for help. Brother Peter hears Annie's message and assembles a team to save her and her group before they succumb to K2's unforgiving elements. But, as Annie lays injured in an icy cavern, the rescuers face several terrifying events that could end the rescue attempt -- and their lives.",Cartuna,"['lincoln assassination', 'australian western']","[0.745, 2.669, 0.6, 1.879, 0.828, 0.6, 0.6, 1.063, 0.6]","[0.6, 1.4, 0.6, 0.6, 0.6, 0.6, 0.706]",0.7294285714285714,1.0648888888888888,The Life of the Party... before she got a life.,https://www.warnerbros.com/movies/terminator-3-rise-machines/,None
1,Bleeding At History,['Mystery'],Bleeding At History,0,2016.0,116.43031609592711,"['Vicky Funari', 'John Gianvito']","['Paul Haggis', 'Irene Höfer']",8,"['LaQuanda Plantt', 'Liz Kearney', 'Jesse Alson-Milkman', 'Amanda Sterling', 'Andrea Muzzi', 'Mike Gioulakis', 'Jan Fantl', 'Nick Kray']",8,"['Gabino Rodríguez', 'Aleksandr Sokolovjvskiy', 'Rupert Friend', 'Eleanor Tomlinson', 'Miguel Rodarte', 'Kenny Chan', 'John Bach', 'Isibango Iko Lebrun']",en,2021/04/09,"A group of attractive women get together for a weekend of bonding, hoping to relax and getaway from the anxiety of their boyfriends. The women travel out of town which leads them to picking up men of questionable integrity. The next problem is what will they tell their boyfriends when they get back home.",SRSP Films,"['orphan siblings', 'slaughter']","[1.4, 0.6, 3.346, 6.525, 1.158, 0.6, 0.648, 0]","[0.6, 0.6, 0.6, 0.6, 0.6, 0.6, 0.6, 0.6]",0.6,1.7846250000000001,A new comedy about giving first love a second chance.,None,Shaft (Reboot) Collection
1,Mending Technology,['Short'],Mending Technology,0,2013.0,105.79529328849625,"['Caitlin Farrugia', 'None']","['Vlas Parlapanides', 'Veronika Franz']",9,"['Antoine Santana', 'Scott Millaney', 'Stephen Kijak', 'Ted Geoghegan', 'Nam Na-young', 'Daniel Teruggi', 'Jesse Glucksman', 'Xavier Jamaux', 'Ceiri Torjussen']",7,"['Miyoko Inagawa', 'Enver Petrovci', 'CCH Pounder', 'Yutaka Matsushige', 'Kim So-eun', 'Michael Shannon', 'Jonas Mekas']",en,2021/04/09,"FBI Agent Jason Chandler has devoted his life to enforcing the law. But on the trail of a series of mysterious murders surrounding some of society's deadliest serial killers, Agent Chandler is forced down a path where no one can be trusted. Only this time, sociopathic killers are being meticulously murdered one by one in grisly circumstances - and it's no coincidence. Now, to search for justice, he must uncover the truth. And the life he must protect will be his own.",Desen International Media,"['sledgehammer', 'drugs']","[0.6, 1.426, 3.648, 3.502, 2.769, 4.682, 0.6]","[0.694, 0.6, 1.094, 0.625, 1.176, 0.6, 0.6, 0.6, 0.6]",0.732111111111111,2.461,No one stays innocent forever,None,None
3,Forsaken By Nature,"['News', 'Biography', 'Sport']",Forsaken By Nature,0,2001.0,77.99614087359424,"['Mario Ribero Ferreira', 'Pauline Merrildgaard']","['Barry Stevens', 'Peter Savieri']",3,"['Eloi Pires Ferreira', 'Jeff Stockwell', 'Sebastian Tesch']",7,"['Miyoko Inagawa', 'Violeta Ferrer', 'Aleksandr Sokolovjvskiy', 'Sue Walsh', 'Nelson Villagra', 'Meera Jasmine', 'Rupert Friend']",en,2021/04/09,A movie crew invades a small town whose residents are all too ready to give up their values for showbiz glitz.,Les Films Christian Fechner,"['nosferatu', 'subway']","[0.6, 0.6, 0.6, 0.6, 1.052, 0.828, 3.346]","[0.6, 0.6, 0.6]",0.6,1.0894285714285714,How far would you go to fit in?,http://www.stainlesssteelproductions.com,None
3,Challenging The Swamp,"['Romance', 'Western', 'TV Movie']",Challenging The Swamp,0,2000.0,96.66877955148269,"['Alastair Fothergill', 'Jean Beaudin']","['Hideo Sakamoto', 'Laura Malin']",7,"['Nick Kray', 'Liz Kearney', 'Stuart Baird', 'Anthony Mercaldi', 'Vishakh Punna', 'Branko Ištvančić', 'Kazuma Jinnouchi']",9,"['Jonas Mekas', 'Miyoko Inagawa', 'Nabil Hakkar', 'Margaret Reed', 'Agniya Kuznetsova', 'Stacy Smith', 'Jana Plodková', 'Suirei', 'Sally Kirkland']",en,2021/04/09,"When Maggie's sister Jenna saddles her with an autistic newborn named Cody she touches Maggie's heart and becomes the daughter she has always longed for. But six years later Jenna suddenly re-enters her life and, with her mysterious new husband, Eric Stark, abducts Cody. Despite the fact that Maggie has no legal rights to Cody, FBI agent John Travis takes up her cause when he realizes that Cody shares the same birth date as several other recently murdered children.",It's Alive Films,"['virtue', 'scandal sheet']","[0.6, 0.6, 0.6, 0.6, 1.3, 0.648, 1.646, 0.6, 4.091]","[0.6, 0.6, 0.706, 0.6, 0.6, 0.6, 0.6]",0.6151428571428571,1.1872222222222222,The only way to find out what you love is to risk everything you have.,http://www.sonypictures.com/movies/residentevil/index.html,None
3,Travel To The Ships,"['Adult', 'Drama', 'Western']",Travel To The Ships,0,2010.0,70.30907153977725,"['Stefano Milla', 'Anne Fontaine']","['Barry Wernick', 'Simon Horrocks']",2,"['Nick Kray', ""Chevonne O'Shaughnessy""]",5,"['Terence Harvey', 'Meera Jasmine', 'Hirofumi Arai', 'Kareem Abdul-Jabbar', 'Aleksandr Sokolovjvskiy']",en,2021/04/09,"In 1995 three Puerto Rican teenagers enter an apartment where they are shot many times by plain clothes NYPD officers. Two of the teenagers die and one is wounded. The officers claim the men had come to rob the tenants of the apartment but one of the boy's mothers investigates the shooting after the Grand Jury find everything was fine. The Civilian Compliant Review Board CCRB also pick up her complaint and find proof of a shoddy investigation, over-looked facts and an attempt to cover up anything that would make the NYPD look bad that goes the whole way to Mayor Giuliani himself.",Borsalino Productions,"['painting', 'demonic possession']","[0.615, 0.828, 1.712, 2.316, 0.6]","[0.6, 0.6]",0.6,1.2142,France's answer to the Italian job,http://www.brockovich.com/movie.html,None
4,Answering The Ashes,"['Sport', 'Drama', 'History', 'Family']",Answering The Ashes,0,2015.0,82.81508904803637,"['Hitoshi Ône', 'None']","['Brian Pera', 'Vidya Talisa Ariestya']",8,"['Parag Kulkarni', 'Zhou Zhiyong', 'Yulia Akerholt', 'Luke Boyce', 'Anthony Mercaldi', 'Nicci Kasper', 'Mark Steven Johnson', 'Justin Armao']",5,"['Stacy Smith', 'CCH Pounder', 'John Bach', 'Yutaka Matsushige', 'Julien Muller']",en,2021/04/09,"What happens when a person decides that life is merely a state of mind? If you're Betty, a small-town waitress and soap opera fan from Fair Oaks, Kansas, you refuse to believe that you can't be with the love of your life just because he doesn't really exist. After all, life is no excuse for not living. Traumatized by a savage event, Betty enters into a fugue state that allows -- even encourages -- her to keep functioning... in a kind of alternate reality.",TexAgs Films,"['emperor', 'foreign']","[0.648, 3.648, 0.648, 3.502, 0.6]","[0.98, 0.6, 0.6, 0.6, 0.6, 0.6, 0.717, 0.6]",0.6621250000000001,1.8092,She's chasing a dream... they're chasing her.,None,None
4,Taste Of The Immortals,"['History', 'News', 'Music', 'Sci-Fi']",Taste Of The Immortals,1,2015.0,71.28468800076499,"['Nam Gee-woong', 'Jan-Ole Gerster']","['José Viruete', 'Arindam Mukerzee']",1,['Jordan Sheehan'],9,"['Julio César Fernán', 'CCH Pounder', 'Nelson Villagra', 'Shiloh Fernandez', 'Agniya Kuznetsova', 'Bikramjeet Kanwarpal', 'Jo Han-sun', 'Miles Jupp', 'Brian Bovell']",en,2021/04/09,"When a rare phenomenon gives police officer John Sullivan the chance to speak to his father, 30 years in the past, he takes the opportunity to prevent his dad's tragic death.  After his actions inadvertently give rise to a series of brutal murders he and his father must find a way to fix the consequences of altering time.",Relentless Filmz,"['angel', 'high school graduation']","[0.6, 3.648, 1.052, 1.724, 1.3, 1.22, 1.4, 1.286, 1.62]",[0.71],0.71,1.538888888888889,A young man must decide between a life on the streets and a career in the theater.,http://www.dreamworksanimation.com/shrek/,Urban Legend Collection
1,Forsaken By My Past,['Drama'],Forsaken By My Past,0,2005.0,82.21556249773114,"['Anne Fontaine', 'Rabi Kinagi']","['Friedrich Ani', 'Noé Debré']",9,"['Léa Fazer', 'Antoine Santana', 'Debojyoti Mishra', 'Jesse Glucksman', 'Amanda Sterling', 'Marius Botha', 'Bahram Badakshani', 'Antonis Kafetzopoulos', 'Justin Armao']",8,"['50 Cent', 'Lukman Syah', 'Alwin Cocobeng', 'Aidee Nájera Villegas', 'Arina Postnikova', 'Puja Jha', 'Stacy Smith', 'Klaus Maria Brandauer']",en,2021/04/09,"An Italian street hood gets romantically involved with a woman who is the ex-girlfriend of a leader of a white supremacist gang, after being being brutally attacked by the gang he seeks revenge via his street connections.",100% Halal,"['mental illness', 'tank']","[1.879, 0.6, 0.6, 0.6, 1.063, 0.6, 0.648, 1.853]","[0.828, 0.694, 0.6, 0.6, 0.6, 0.6, 0.6, 1.4, 0.6]",0.7246666666666666,0.980375,Close Friends... Dark Secrets... The Brutal Truth,None,Anatomy Collection
4,Smiles In The Forest,"['Reality-TV', 'Music', 'Fantasy', 'Western']",Smiles In The Forest,1,2000.0,105.45380467247102,"['None', 'None']","['Don Rhymer', 'Wash Westmoreland']",3,"['Antoine Santana', 'Daniel Teruggi', 'Rob Myers']",5,"['Asami', 'Agniya Kuznetsova', 'Sean McCloskey', 'Jo Han-sun', 'Priya Anand']",en,2021/04/09,"A thirty-something Irish-American former matador teaches a bull-fighting class in Greenwich Village. After the sexual conquest of a number of his female students, he meets his match in a 19-year-old co-ed.",VH1 Rock Docs,"['sexual murder', 'hate crime']","[5.725, 1.3, 0.6, 1.4, 0.6]","[0.694, 0.6, 0.6]",0.6313333333333334,1.9249999999999996,not to survive the fight in the external world without inner strength,None,None
2,Battling In The Moon,"['Family', 'TV Movie']",Battling In The Moon,1,2003.0,118.77465102289051,"['Shaji Kailas', 'Mario Ribero Ferreira']","['Aparnaa Malhotra', 'Fitzgerald Scott']",6,"['Joon-Seok Sol', 'Javier Farina', 'Margot Massina', 'Jennifer Phang', 'Bahram Badakshani', 'Tom Dey']",4,"['DJ Screw', 'Kim So-eun', 'Aidee Nájera Villegas', 'Antti Reini']",en,2021/04/09,"Jonny dreams of leaving his dead-end job as a courier. Through his childhood best friend, nephew of the notorious crime lord Ray Kreed, he wins his way into the toughest gang in North London. Hungry for action, Jonny sparks a feud between Ray's gang and a rival firm in South London headed by drug kingpin Sean and his lieutenant Matthew.",Interior13 Cine,"['wild horse', 'bong']","[0.6, 2.769, 0.6, 1.221]","[0.6, 0.6, 0.6, 1.38, 0.6, 0.6]",0.73,1.2975,Want to know how she got there?,http://www.sonypictures.com/movies/spider-man/,None
3,Binding To The Hunter,"['Drama', 'Mystery', 'Reality-TV']",Binding To The Hunter,0,2002.0,102.33427896509167,"['Christopher Doyle', 'Tom Bean']","['Javed Akhtar', 'Jenny Jusuf']",3,"['Vishakh Punna', 'Carl Dante', 'Daniel Teruggi']",6,"['Hirofumi Arai', 'Julien Muller', 'James Stevenson', 'Park Myung-shin', 'Kenny Chan', 'Jérôme Humm']",en,2021/04/09,"A young woman is catapulted into pop stardom, with her already-famous DJ boyfriend calling the shots.",Sparkhope Productions,"['wig', 'aunt nephew relationship']","[1.712, 0.6, 0.6, 0.84, 0.6, 0.6]","[0.6, 0.6, 0.6]",0.6,0.8253333333333331,The storm is coming.,http://www.newline.com/properties/knockaroundguys.html,None
3,Bleeding At History,"['Science Fiction', 'Music', 'Talk-Show']",Bleeding At History,1,2009.0,105.96607566686302,"['Clara Picasso', 'Liz Graham']","['Petr Jarchovský', 'Vidya Talisa Ariestya']",7,"['Steve Sepulveda', 'David Seltzer', 'Pee Dae-sung', 'Kim Tae-sung', 'Vishakh Punna', 'Nikki Barrett', 'Marita Moberg']",5,"['Biju Sopanam', 'Kausalya', 'Brian Bovell', 'Aris Athanasopoulos', 'James C. Burns']",en,2021/04/09,A woman and her son must leave a small South Carolina town because of her wild behavior.,1st Boll Kino Beteiligungs GmbH and Co. KG,"['violin', 'high society']","[0.6, 0.745, 1.62, 0.828, 0.818]","[0.6, 1.55, 0.6, 0.6, 0.6, 1.38, 0.6]",0.8471428571428571,0.9221999999999999,The Klumps are back!,None,None
1,Forsaken By My Past,['Drama'],Forsaken By My Past,1,2003.0,112.5377653951731,"['Namcito', 'None']","['José Viruete', 'Stephen King']",4,"['Kim Tae-sung', 'Branko Ištvančić', 'Ceiri Torjussen', 'Debojyoti Mishra']",10,"['Aris Athanasopoulos', 'Meera Jasmine', 'Marta Zoffoli', 'James C. Burns', 'Marília Pêra', 'Jonas Mekas', 'Liisa Raitio', 'Giovanni Martorana', 'Vincent Lindon', 'Bikramjeet Kanwarpal']",en,2021/04/09,"Imagine a world of pleasure, where passion is the ultimate obsession. When Michael and Lisa travel to India to restore an erotic sculpture, they are immediately acquainted with the Kama Sutra and introduced to the skills of seduction. But when forbidden desires are revealed, vows can be broken. Now, sexual desires are about to be reawakened and fantasies are about to come true. What you desire you cannot resist. Experience it for yourself.",WB Entertainment,"['fate', 'paragliding']","[0.828, 0.828, 1.052, 0.818, 1.4, 0.6, 0.6, 0.715, 1.753, 1.22]","[0.6, 0.6, 0.6, 0.6]",0.6,0.9814,A story about finding the perfect woman... and trying desperately to give her back.,None,None
3,Searching At The Void,"['Horror', 'Documentary', 'Music']",Searching At The Void,1,2002.0,101.61606456854159,"['Hansol Shin', ""Mario O'Hara""]","['Drew Martinez', 'Harinder Singh Sikka']",8,"['Andrea Muzzi', 'Joon-Seok Sol', 'Rob Myers', 'Anthony Mercaldi', 'Marita Moberg', 'Penny Tsai Pei-ling', 'Ken Hobson', 'Scott Millaney']",10,"['Leo González', 'Isibango Iko Lebrun', 'Susana Farrajota', 'Miyoko Inagawa', 'Jamie Denbo', 'Nelson Villagra', 'Aleksandr Sokolovjvskiy', 'Samuel Finzi', 'Agniya Kuznetsova', 'Sue Walsh']",en,2021/04/09,"Seymore is a young man with the mind of a child. He loves three things in life: basketball, sneaking out for cigarettes, and his mother. But all life's simple pleasures are brutally torn from him when he witnesses his mother gunned down by a neighborhood punk.  Now Seymore must overcome the child within as he rises up to fight for some kind of justice. It's a fight that will take him out into the streets where there are few friends and many enemies -- and one of them is a killer who wants him silenced.",Bright Wire Films,"['galactic war', 'wuxia']","[0.6, 0, 0.6, 0.6, 1.4, 1.052, 0.6, 2.981, 1.3, 0.6]","[0.6, 0.6, 0.6, 0.6, 0.6, 0.6, 0.6, 0.6]",0.6,0.9732999999999998,A new comedy about giving first love a second chance.,None,None
2,Smiles In The Forest,"['Adult', 'Mystery']",Smiles In The Forest,1,2014.0,105.1857020120956,"['Leigh Scott', 'Peter Cermak']","['Alejandra Olvera Avila', 'Josef Urban']",7,"['Rahsaan Noor', 'Pee Dae-sung', 'Rob Myers', 'G. Mete Şener', 'Ronald Víctor García', 'Margot Massina', 'Luke Boyce']",8,"['Kumar Kanchan Ghosh', 'JianHao Tan', 'Uche Jombo', 'Jamie Denbo', 'Gabino Rodríguez', 'Nelson Villagra', 'Nabil Hakkar', 'Leo González']",en,2021/04/09,"After a spectacular crash-landing on an uncharted planet, brash astronaut Leo Davidson finds himself trapped in a savage world where talking apes dominate the human race. Desperate to find a way home, Leo must evade the invincible gorilla army led by Ruthless General Thade.",Semaj Pictures,"['child of divorce', 'prison guard']","[0.6, 0.6, 0.6, 1.4, 1.4, 1.052, 0.6, 0.6]","[0.6, 0.6, 0.6, 0.6, 0.6, 0.6, 0.6]",0.6,0.8565,No one stays innocent forever,http://www.thunderbirdsmovie.com,None
2,Confessions Of My Destiny,"['Family', 'Adult']",Confessions Of My Destiny,0,2020.0,91.74073644762598,"['None', 'Jean-Robert Viallet']","['Ethan Coen', 'Stephen Langford']",2,"['John Parish', 'Amanda Sterling']",5,"['Jamie Denbo', 'Asami', 'Terence Harvey', 'Priyanka Thimmesh', 'Moon Sung-keun']",en,2021/04/09,High school student tries to improve soccer skills by practicing dance and falls for his dance partner.,Sevenfold Entertainment,"['temptation', 'marriage crisis']","[1.4, 5.725, 0.615, 1.092, 0.954]","[0.6, 0.6]",0.6,1.9572000000000003,Space will never be the same.,http://www.ericsaperston.com/,None
3,Binding To The Hunter,"['War', 'Reality-TV', 'Short']",Binding To The Hunter,0,2002.0,90.18116724399141,"['None', 'Carlo Vanzina']","['Ken Ueno', 'Vlas Parlapanides']",4,"['Nam Na-young', 'Steven Vesagas', 'Antoine Santana', 'Steve Sepulveda']",4,"['Shivaji Satham', 'Keita Machida', 'Samuel Finzi', 'Klaus Maria Brandauer']",en,2021/04/09,"When a rare phenomenon gives police officer John Sullivan the chance to speak to his father, 30 years in the past, he takes the opportunity to prevent his dad's tragic death.  After his actions inadvertently give rise to a series of brutal murders he and his father must find a way to fix the consequences of altering time.",Ministère des Affaires Etrangères et Européennes,"['lucifer morningstar', 'mississippi river']","[0.656, 2.022, 2.981, 1.853]","[1.176, 0.6, 0.694, 0.6]",0.7675,1.878,Are you still in the mood for love?,None,Jurassic Park Collection
2,Wrong About The Apocolypse,"['Crime', 'Sport']",Wrong About The Apocolypse,1,2019.0,78.7043342123829,"['Pauline Merrildgaard', 'Samuel Galli']","['Joan Scheckel', 'Jenny Jusuf']",1,['Sebastian Tesch'],7,"['Vincent Lindon', 'Aris Athanasopoulos', 'Arun', 'CCH Pounder', 'Nabil Hakkar', 'Arina Postnikova', 'Alvin Adam']",en,2021/04/09,"A film poem inspired by the Peruvian poet César Vallejo. A story about our need for love, our confusion, greatness and smallness and, most of all, our vulnerability. It is a story with many characters, among them a father and his mistress, his youngest son and his girlfriend. It is a film about big lies, abandonment and the eternal longing for companionship and confirmation.",PlayNow Enterprise,"['australia', 'southern baptist']","[1.753, 0.828, 1.547, 3.648, 0.6, 1.063, 0.6]",[0.6],0.6,1.4341428571428572,A town's future is riding with one man.,None,Fortress Collection
4,Mending Technology,"['Family', 'Sport', 'Mystery', 'Comedy']",Mending Technology,1,2020.0,113.74795826275673,"['Belinda Sallin', 'Tanya Wexler']","['Jenny Jusuf', 'Giorgio Caruso']",2,"['Jared Bulmer', 'Luke Boyce']",8,"['Kelli Bland', 'Lothar Lambert', 'Bikramjeet Kanwarpal', 'Keita Machida', 'DJ Screw', 'Gabino Rodríguez', 'Marta Zoffoli', 'Rupert Friend']",en,2021/04/09,Footage of a brutal murder becomes a feature on the internet.,EndemolShine India,"['colonialism', 'extortion']","[0.98, 0.6, 1.22, 2.022, 0.6, 1.4, 1.052, 3.346]","[0.6, 0.6]",0.6,1.4024999999999999,40 years in the making,https://vimeo.com/9273710,The Nutty Professor Collection
4,Death At The Nation,"['Romance', 'Horror', 'Comedy', 'Musical']",Death At The Nation,0,2007.0,107.28502112863232,"['Liz Graham', 'Vicky Arvelaki']","['Elbia Álvarez', 'Aparnaa Malhotra']",5,"['Martijn Koevoets', 'Ceiri Torjussen', 'Stuart Baird', 'Branko Ištvančić', 'Diego Betancor']",8,"['DJ Screw', 'Kanata Fujimoto', 'Josh Peck', 'Priyanka Thimmesh', 'Keita Machida', 'Jamie Denbo', 'Alvin Adam', 'Rain Lau']",en,2021/04/09,"Don Casto is a widower who spends most of his evenings carousing at nightclubs while, behind his back and much to his annoyance, Ramon courts his daughter Paquita. One of the vaudeville acts that Don Casto particularly admires is Ramper the Clown. However, when the clown removes his make-up he becomes Ramon. The young couple now try to trick the father into accepting their engagement.",Imaginary Danger Productions,"['ancient egypt', 'insulin']","[0.6, 1.38, 5.084, 1.092, 2.022, 1.4, 0.6, 1.178]","[0.6, 0.6, 0.706, 0.6, 0.6]",0.6212,1.6695,"In music she found her dream, her love, herself.",http://www.sonypictures.com/movies/residentevil/index.html,None
2,Origin Of The Castle,"['Comedy', 'Thriller']",Origin Of The Castle,1,2012.0,91.05335432711598,"['None', 'Stéphane Robelin']","['Arindam Mukerzee', 'Vlas Parlapanides']",5,"['Rahsaan Noor', 'Shirô Kido', 'Nikki Barrett', 'Carl Dante', 'Lindsay Graham']",9,"['Jim Gaffigan', 'Vincent Lindon', 'Alwin Cocobeng', 'John Bach', 'Lothar Lambert', 'Miles Jupp', 'Amber Tamblyn', 'Marília Pêra', 'Priyanka Thimmesh']",en,2021/04/09,"The life of Rauli ""Badding"" Somerjoki, a Finnish singer.",Mobra Films,"['climbing', 'saving the world']","[2.139, 1.753, 0.6, 0.648, 0.6, 1.286, 2.929, 1.4, 1.092]","[0.6, 0.6, 1.38, 0.6, 0.972]",0.8304,1.383,Accentuate the negative.,None,Tomb Raider Collection
4,Hiding My Future,"['Thriller', 'Crime', 'War', 'TV Movie']",Hiding My Future,0,2008.0,87.60525029938418,"['None', 'Helena Vsetecková']","['Miguel Ángel Aijón', 'Emmanuel T. Adéola']",4,"['Gin De Mesa', 'Nicci Kasper', 'Julia Lebedev', 'Mark Steven Johnson']",7,"['Rupert Friend', 'Klaus Maria Brandauer', 'Michael Shannon', '50 Cent', 'Yutaka Matsushige', 'Suirei', 'Rudon Brannon']",en,2021/04/09,"Seymore is a young man with the mind of a child. He loves three things in life: basketball, sneaking out for cigarettes, and his mother. But all life's simple pleasures are brutally torn from him when he witnesses his mother gunned down by a neighborhood punk.  Now Seymore must overcome the child within as he rises up to fight for some kind of justice. It's a fight that will take him out into the streets where there are few friends and many enemies -- and one of them is a killer who wants him silenced.",AT-Film,"['shootout', 'nurse']","[3.346, 1.853, 4.682, 1.879, 3.502, 0.6, 0.6]","[0.6, 0.6, 0.6, 0.717]",0.62925,2.351714285714286,Cultures clash. Hearts break. People change.,https://itvs.org/films/bontoc-eulogy,Mission: Impossible Collection
1,Dead At Secrets,['News'],Dead At Secrets,0,2001.0,71.88547706293635,"['Cho-hee Kim', 'Jeffrey C. Bell']","['Brian Pera', 'Amanda Pope']",7,"['Antonis Kafetzopoulos', 'Jesse Alson-Milkman', 'Matthias Bolliger', 'Lindsay Graham', 'Matthew Price', 'Antoine Santana', 'Martijn Koevoets']",8,"['Kenny Chan', 'Manoj Bajpayee', 'JianHao Tan', 'Philippine Leroy-Beaulieu', 'Leo González', 'Miles Jupp', 'Margaret Reed', 'Magi Avila']",en,2021/04/09,"After 30 years on the road, a veteran jewellery salesman is forced to show his young replacement the tricks of the trade. But when the kid introduces him to the ladies of the ""Altoona Riding Club,"" the old dog is introduced to a whole new set of ""tricks.""",Huoerguosi Bona Culture and Media,"['nosferatu', 'female martial artist']","[0.6, 1.251, 0.6, 2.014, 0.6, 1.286, 0.6, 0.748]","[1.4, 0.6, 0.608, 0.972, 0.6, 0.694, 0.6]",0.7819999999999999,0.962375,"Kill the President, kill the hostages, escape. A great idea!",https://www.netflix.com/title/80085566,None
3,Forsaken By My Past,"['Drama', 'Comedy', 'Sci-Fi']",Forsaken By My Past,0,2011.0,95.39468442587544,"['Monica Zanetti', 'Eric Allen Bell']","['Shirley Barrie', 'Laura Malin']",1,['Liz Kearney'],7,"['John Bach', 'Rudon Brannon', 'Priya Anand', 'Suirei', 'Brian Bovell', 'Terence Harvey', 'Carrie Boreham']",en,2021/04/09,Mike and Lenny are two buddies who dream of getting out of the trailer park. Out of desperation they resort to burglary as a means of financing Mike's college education. Their dream is jeopardized one summer day when their ploy to shoplift Near Beer begins a crime spree and a series of mishaps during which they are threatened with jail.,Kulturnæringsstiftelsen SB1 Nord Norge,"['execution', 'killing']","[0.648, 0.6, 0.6, 0.6, 1.62, 0.615, 0.6]",[0.6],0.6,0.7547142857142857,Smile.,None,None
3,Screams At The Slaves,"['Short', 'Adult', 'Fantasy']",Screams At The Slaves,1,2005.0,89.91384019691377,"['Rishi Prakash Mishra', 'Patrick Levy']","['Harinder Singh Sikka', 'Fitzgerald Scott']",1,['Justin Armao'],4,"['Margaret Reed', 'Sean McCloskey', 'Meera Jasmine', 'Leo González']",en,2021/04/09,"In the final days of World War II, the Nazis attempt to use black magic to aid their dying cause. The Allies raid the camp where the ceremony is taking place, but not before a demon—Hellboy—has already been conjured. Joining the Allied forces, Hellboy eventually grows to adulthood, serving the cause of good rather than evil.",Jerico Films,"['beautiful woman', 'family drama']","[0.6, 0.6, 0.828, 0.6]",[0.6],0.6,0.657,Who Gives A Ship,http://www.sonypictures.de/filme/was-tun-wenns-brennt/,Behind Enemy Lines Collection
1,Welcome To The Angels,['History'],Welcome To The Angels,0,2001.0,93.4400974876939,"['Jian-Rong Wu', 'Hoi Kuok Meng']","['Noé Debré', 'Joanes Urkixo']",9,"['Paul Mills', 'Nikki Barrett', 'Luke Boyce', 'Jordan Sheehan', 'Georges Lechaptois', 'David Seltzer', 'Clay Liford', 'Lee Chang-jae', 'Jesse Alson-Milkman']",9,"['Julio César Fernán', 'Uche Jombo', 'Violeta Ferrer', 'James Stevenson', 'Arun', 'Magi Avila', 'Kelli Bland', 'Jérôme Humm', 'Yutaka Matsushige']",en,2021/04/09,Two men identified only as Black Man and White Man start the film as a discussion over a speech on race to be given at school the next day and escalates into an argument about the differences in the races - moving along all of the cultural lines and finding mutual fears and concerns.,Sontalia,"['palace', 'room service']","[0.6, 0.6, 0.6, 0.6, 1.547, 0.748, 0.98, 0.6, 3.502]","[0.6, 1.38, 0.6, 0.71, 0.6, 1.55, 0.6, 0.6, 0.6]",0.8044444444444444,1.0863333333333334,They were on opposite sides of the law... Till now!,http://cooperhemingway.com/,Qatsi Collection
1,Driving Into The Ocean,['Western'],Driving Into The Ocean,0,2010.0,98.86649320709004,"['None', 'Graham Annable']","['Oren Moverman', 'Akira Fukuhara']",5,"['Margot Massina', 'Kim Tae-sung', 'Georges Lechaptois', ""John D'Aquino"", 'Branko Ištvančić']",5,"['Miguel Rodarte', 'Brit Marling', 'Nelson Villagra', 'Jennifer Laporte', 'Asami']",en,2021/04/09,"A thirty-something Irish-American former matador teaches a bull-fighting class in Greenwich Village. After the sexual conquest of a number of his female students, he meets his match in a 19-year-old co-ed.",Brilliant Idea Group (BIG) Ltd,"['hobbit', 'director']","[1.158, 1.871, 1.052, 0.6, 5.725]","[0.6, 0.6, 0.6, 1.586, 0.6]",0.7972,2.0812,The storm is coming.,None,None
4,Welcome To The Angels,"['History', 'Family', 'Music', 'War']",Welcome To The Angels,1,2013.0,87.24080802765059,"['None', 'Nathan Neuman']","['Vlas Parlapanides', 'José Viruete']",2,"['Margot Massina', 'Antoine Santana']",8,"['Rupert Friend', 'Jaturong Mokjok', 'Marta Zoffoli', 'James C. Burns', 'Giovanni Martorana', 'John Bach', 'Sean McCloskey', 'Manoj Bajpayee']",en,2021/04/09,"A group of attractive women get together for a weekend of bonding, hoping to relax and getaway from the anxiety of their boyfriends. The women travel out of town which leads them to picking up men of questionable integrity. The next problem is what will they tell their boyfriends when they get back home.",Crush Pictures,"['mountaineering', 'palace']","[3.346, 0.702, 1.052, 0.818, 0.715, 0.648, 0.6, 1.251]","[0.6, 0.694]",0.647,1.1415,The Agency's best has a bad case of nerves.,None,None
1,Death To The Void,['TV Movie'],Death To The Void,0,2016.0,87.15046093749362,"['Nima Nourizadeh', 'Patrick Levy']","['Melissa Rosenberg', 'Aparnaa Malhotra']",3,"['Sebastian Tesch', 'Ronald Víctor García', 'LaQuanda Plantt']",8,"['Priya Anand', 'Kumar Kanchan Ghosh', 'Brian Bovell', 'Park Myung-shin', 'Kenny Chan', 'Miyoko Inagawa', 'Nelson Villagra', 'Jaromír Nosek']",en,2021/04/09,"A desperado named Reo is killed by the police. When he goes to hell, the devil gives him a second chance to live. After returning to the living world, he looks for redemption. But soon he finds out that the devil has played dirty with him.",TRT,"['fbi', 'older woman younger man relationship']","[0.6, 0.6, 1.62, 0.84, 0.6, 0.6, 1.052, 0.6]","[0.6, 0.6, 0.6]",0.6,0.8140000000000001,Old grudges die hard.,http://www.vertigoproductions.com.au/tracker.html,The Lord of the Rings Collection
1,Rejecting My Family,['Science Fiction'],Rejecting My Family,1,2003.0,85.52923380110654,"['Mario Ribero Ferreira', 'Florian Gottschick']","['Junichi Masuda', 'Michael Coulombe']",6,"['Andrea Muzzi', 'Nick Kray', 'Debojyoti Mishra', 'Paul Carter', 'Javier Farina', 'Scott Millaney']",7,"['Natasha Duvall', 'Brian Bovell', 'Sean McCloskey', 'Michael Shannon', 'Philippine Leroy-Beaulieu', 'Jérôme Humm', 'Shivaji Satham']",en,2021/04/09,Mike and Lenny are two buddies who dream of getting out of the trailer park. Out of desperation they resort to burglary as a means of financing Mike's college education. Their dream is jeopardized one summer day when their ploy to shoplift Near Beer begins a crime spree and a series of mishaps during which they are threatened with jail.,Dingie,"['car thief', 'superhero']","[0.6, 1.62, 0.6, 4.682, 2.014, 0.6, 0.656]","[0.6, 0.6, 0.6, 0.6, 0.6, 0.6]",0.6,1.538857142857143,Who is your foe?,None,None
4,Dead At Secrets,"['Crime', 'Adventure', 'Musical', 'Science Fiction']",Dead At Secrets,0,2003.0,101.83111514641358,"['Shade Rupe', 'Jan Kidawa-Blonski']","['Alejandra Olvera Avila', 'Michael Coulombe']",5,"['Lee Chang-jae', 'Scott Millaney', 'Robert J.D.', 'Rob Myers', 'Bahram Badakshani']",8,"['Hirofumi Arai', 'Philippine Leroy-Beaulieu', 'Nabil Hakkar', 'Antti Reini', 'Carrie Boreham', 'Rain Lau', 'Jo Han-sun', 'Rupert Friend']",en,2021/04/09,"This road movie explores the nature of the bond between twins by focusing on a love affair between a man and a woman, each of whom has a twin brother.",Villa Mondeo,"['racing car', 'delinquent']","[1.712, 2.014, 0.6, 1.221, 0.6, 1.178, 1.4, 3.346]","[0.6, 0.6, 0.6, 0.6, 0.6]",0.6,1.5088750000000002,Enter The Mind Of A Killer,None,None
